-- MySQL dump 10.13  Distrib 8.0.36, for Win64 (x86_64)
--
-- Host: localhost    Database: winecellar
-- ------------------------------------------------------
-- Server version	8.0.36

/*!40101 SET @OLD_CHARACTER_SET_CLIENT=@@CHARACTER_SET_CLIENT */;
/*!40101 SET @OLD_CHARACTER_SET_RESULTS=@@CHARACTER_SET_RESULTS */;
/*!40101 SET @OLD_COLLATION_CONNECTION=@@COLLATION_CONNECTION */;
/*!50503 SET NAMES utf8 */;
/*!40103 SET @OLD_TIME_ZONE=@@TIME_ZONE */;
/*!40103 SET TIME_ZONE='+00:00' */;
/*!40014 SET @OLD_UNIQUE_CHECKS=@@UNIQUE_CHECKS, UNIQUE_CHECKS=0 */;
/*!40014 SET @OLD_FOREIGN_KEY_CHECKS=@@FOREIGN_KEY_CHECKS, FOREIGN_KEY_CHECKS=0 */;
/*!40101 SET @OLD_SQL_MODE=@@SQL_MODE, SQL_MODE='NO_AUTO_VALUE_ON_ZERO' */;
/*!40111 SET @OLD_SQL_NOTES=@@SQL_NOTES, SQL_NOTES=0 */;

--
-- Table structure for table `cellars`
--

DROP TABLE IF EXISTS `cellars`;
/*!40101 SET @saved_cs_client     = @@character_set_client */;
/*!50503 SET character_set_client = utf8mb4 */;
CREATE TABLE `cellars` (
  `cellar_id` int NOT NULL AUTO_INCREMENT,
  `user_id` int DEFAULT NULL,
  `name` varchar(45) DEFAULT NULL,
  `description` varchar(100) DEFAULT NULL,
  PRIMARY KEY (`cellar_id`),
  KEY `user_idx` (`user_id`),
  CONSTRAINT `cellar_fx1` FOREIGN KEY (`user_id`) REFERENCES `users` (`user_id`)
) ENGINE=InnoDB AUTO_INCREMENT=15 DEFAULT CHARSET=utf8mb4 COLLATE=utf8mb4_0900_ai_ci;
/*!40101 SET character_set_client = @saved_cs_client */;

--
-- Dumping data for table `cellars`
--

LOCK TABLES `cellars` WRITE;
/*!40000 ALTER TABLE `cellars` DISABLE KEYS */;
INSERT INTO `cellars` VALUES (2,2,'Home','our wines at home'),(6,2,'more wine','More wine'),(7,23,'Home wine','Wine stored at home');
/*!40000 ALTER TABLE `cellars` ENABLE KEYS */;
UNLOCK TABLES;

--
-- Table structure for table `comments`
--

DROP TABLE IF EXISTS `comments`;
/*!40101 SET @saved_cs_client     = @@character_set_client */;
/*!50503 SET character_set_client = utf8mb4 */;
CREATE TABLE `comments` (
  `comment_id` int unsigned NOT NULL AUTO_INCREMENT,
  `wine_id` int NOT NULL,
  `comment` text NOT NULL,
  `user_id` int DEFAULT NULL,
  PRIMARY KEY (`comment_id`),
  KEY `comments_fx1_idx` (`wine_id`),
  KEY `comment_fx2_idx` (`user_id`),
  CONSTRAINT `comment_fx2` FOREIGN KEY (`user_id`) REFERENCES `users` (`user_id`),
  CONSTRAINT `comments_fx1` FOREIGN KEY (`wine_id`) REFERENCES `wines` (`wine_id`)
) ENGINE=InnoDB DEFAULT CHARSET=utf8mb4 COLLATE=utf8mb4_0900_ai_ci;
/*!40101 SET character_set_client = @saved_cs_client */;

--
-- Dumping data for table `comments`
--

LOCK TABLES `comments` WRITE;
/*!40000 ALTER TABLE `comments` DISABLE KEYS */;
/*!40000 ALTER TABLE `comments` ENABLE KEYS */;
UNLOCK TABLES;

--
-- Table structure for table `privatecomment`
--

DROP TABLE IF EXISTS `privatecomment`;
/*!40101 SET @saved_cs_client     = @@character_set_client */;
/*!50503 SET character_set_client = utf8mb4 */;
CREATE TABLE `privatecomment` (
  `priv_comment_id` int NOT NULL AUTO_INCREMENT,
  `user_id` int NOT NULL,
  `wine_id` int NOT NULL,
  `comment` text NOT NULL,
  PRIMARY KEY (`priv_comment_id`),
  UNIQUE KEY `priv_comment_id_UNIQUE` (`priv_comment_id`),
  KEY `priv_comment_fx1_idx` (`user_id`),
  KEY `priv_comment_fx2_idx` (`wine_id`),
  CONSTRAINT `priv_comment_fx1` FOREIGN KEY (`user_id`) REFERENCES `users` (`user_id`),
  CONSTRAINT `priv_comment_fx2` FOREIGN KEY (`wine_id`) REFERENCES `wines` (`wine_id`)
) ENGINE=InnoDB AUTO_INCREMENT=16 DEFAULT CHARSET=utf8mb4 COLLATE=utf8mb4_0900_ai_ci COMMENT='links a users comments to their own cellar wines';
/*!40101 SET character_set_client = @saved_cs_client */;

--
-- Dumping data for table `privatecomment`
--

LOCK TABLES `privatecomment` WRITE;
/*!40000 ALTER TABLE `privatecomment` DISABLE KEYS */;
INSERT INTO `privatecomment` VALUES (1,2,4,'Lovely fruity wine with a crisp finish!'),(2,2,4,'lovely with fish'),(4,2,4,'Triona likes this one (and clodagh)'),(7,2,4,'checking to see if data is sanitised &lt;script&gt; = &quot;i lovewine&quot; &lt;&#x2F;script&gt;'),(8,2,6,'testing add note');
/*!40000 ALTER TABLE `privatecomment` ENABLE KEYS */;
UNLOCK TABLES;

--
-- Table structure for table `usercellarwines`
--

DROP TABLE IF EXISTS `usercellarwines`;
/*!40101 SET @saved_cs_client     = @@character_set_client */;
/*!50503 SET character_set_client = utf8mb4 */;
CREATE TABLE `usercellarwines` (
  `cellar_wine_id` int NOT NULL AUTO_INCREMENT,
  `cellar_id` int NOT NULL,
  `wine_id` int NOT NULL,
  `user_id` int NOT NULL,
  `status` varchar(1) DEFAULT 'S',
  `count` int DEFAULT '1',
  PRIMARY KEY (`cellar_wine_id`),
  KEY `cellarwines_fx1_idx` (`cellar_id`),
  KEY `cellarwines_fx2_idx` (`user_id`),
  KEY `cellarwines_fx3_idx` (`wine_id`),
  CONSTRAINT `cellarwines_fx1` FOREIGN KEY (`cellar_id`) REFERENCES `cellars` (`cellar_id`),
  CONSTRAINT `cellarwines_fx2` FOREIGN KEY (`user_id`) REFERENCES `users` (`user_id`),
  CONSTRAINT `cellarwines_fx3` FOREIGN KEY (`wine_id`) REFERENCES `wines` (`wine_id`),
  CONSTRAINT `cellarwines_ck1` CHECK ((`status` in (_utf8mb4'X',_utf8mb4'S',_utf8mb4'D')))
) ENGINE=InnoDB AUTO_INCREMENT=20 DEFAULT CHARSET=utf8mb4 COLLATE=utf8mb4_0900_ai_ci COMMENT='stores wines in a users cellar';
/*!40101 SET character_set_client = @saved_cs_client */;

--
-- Dumping data for table `usercellarwines`
--

LOCK TABLES `usercellarwines` WRITE;
/*!40000 ALTER TABLE `usercellarwines` DISABLE KEYS */;
INSERT INTO `usercellarwines` VALUES (2,2,4,2,'X',13),(4,2,6,2,'S',1),(5,2,7,2,'S',1),(8,2,12,2,'S',1),(16,6,20,2,'S',1);
/*!40000 ALTER TABLE `usercellarwines` ENABLE KEYS */;
UNLOCK TABLES;

--
-- Table structure for table `usergroups`
--

DROP TABLE IF EXISTS `usergroups`;
/*!40101 SET @saved_cs_client     = @@character_set_client */;
/*!50503 SET character_set_client = utf8mb4 */;
CREATE TABLE `usergroups` (
  `group_id` int NOT NULL AUTO_INCREMENT,
  `role` varchar(45) NOT NULL,
  `desc` varchar(45) DEFAULT NULL,
  PRIMARY KEY (`group_id`),
  UNIQUE KEY `name_UNIQUE` (`role`)
) ENGINE=InnoDB AUTO_INCREMENT=5 DEFAULT CHARSET=utf8mb4 COLLATE=utf8mb4_0900_ai_ci;
/*!40101 SET character_set_client = @saved_cs_client */;

--
-- Dumping data for table `usergroups`
--

LOCK TABLES `usergroups` WRITE;
/*!40000 ALTER TABLE `usergroups` DISABLE KEYS */;
INSERT INTO `usergroups` VALUES (1,'admin','application administrator'),(4,'users','general site users');
/*!40000 ALTER TABLE `usergroups` ENABLE KEYS */;
UNLOCK TABLES;

--
-- Table structure for table `users`
--

DROP TABLE IF EXISTS `users`;
/*!40101 SET @saved_cs_client     = @@character_set_client */;
/*!50503 SET character_set_client = utf8mb4 */;
CREATE TABLE `users` (
  `user_id` int NOT NULL AUTO_INCREMENT,
  `firstname` varchar(45) NOT NULL,
  `lastname` varchar(45) NOT NULL,
  `password` varchar(60) NOT NULL,
  `email` varchar(100) NOT NULL,
  `group_id` int NOT NULL DEFAULT '0',
  `username` varchar(45) NOT NULL,
  PRIMARY KEY (`user_id`),
  UNIQUE KEY `email_UNIQUE` (`email`),
  UNIQUE KEY `username_UNIQUE` (`username`),
  KEY `users_fx1_idx` (`group_id`),
  CONSTRAINT `users_fx1` FOREIGN KEY (`group_id`) REFERENCES `usergroups` (`group_id`)
) ENGINE=InnoDB AUTO_INCREMENT=36 DEFAULT CHARSET=utf8mb4 COLLATE=utf8mb4_0900_ai_ci COMMENT='Stores application users';
/*!40101 SET character_set_client = @saved_cs_client */;

--
-- Dumping data for table `users`
--

LOCK TABLES `users` WRITE;
/*!40000 ALTER TABLE `users` DISABLE KEYS */;
INSERT INTO `users` VALUES (2,'Clodagh','Mulcahy','$2b$10$f8zT9L0POuU4nDtsq9zy8OegIx12H.8gbz1R10uG6FVx2wek.0Ss6','clodagh.ellen@gmail.com',4,'cloellen'),(3,'Pat','Mulcahy','$2b$10$oY84OdWz2vjI2n1ktBtrKOs5mKLKSs5z522VDBfkGNhu398jrgY.y','pat@gmail.com',4,'mulcahypat'),(4,'Wine','Lover','$2b$10$AiIltWk6ILYDGdH/ZN1/oedqrAtiAfjfFhRrF6HArRW3yD/mhpk/W','winelover@gmail.com',4,'winelover'),(5,'Wine','Lover','$2b$10$kTAwkRsaboDfqtIqP4eJN.wN6F/Aul1aQ.KHZVZWm6q4J7eg.h5tW','winelover2@gmail.com',4,'winelover2'),(6,'Shirley','Valentine','$2b$10$1iVhOJOuSaz9LnB/T/SrFuGFfk1zu730SpHjvtDlawvCxU3yOK2a2','winelover3@gmail.com',4,'winelover3'),(7,'Jimmy','Cricket','$2b$10$qvElAVrKegx/GLCf1mse9ugWWMPSpwwwx47aVhHZ7r2Tksk66OKAi','jimmyc@gmail.com',4,'jimmy'),(8,'Elise','Roser','$2b$10$3YZ.8UUKmvTFrZbhIFC0leS9uOnXv6NMmyledkrS0T78uJsN8UJV2','elise@gmai.com',4,'elise'),(9,'Clodagh','Mulcahy','$2b$10$Si5kPec/4gjGD9oGd8zLq.KJ5dzBFPM5YfKxStMkQ9JjLkeXXYlFm','cloellen@yaoo.co.uk',4,'awfag'),(11,'CLod','ucahy','$2b$10$lrpQfjVveCg8jA6aFa56weUbV0pF9QOgvAZQhjOb/rvbSuQviEcje','clo@gmaio.com',4,'sodig'),(13,'Clodagh','Mulcahy','$2b$10$F6IL./TrZAl.SI/iJapLSeaBG0hly4sX/.jf0MAbYJlaa4g4ZNUi2','cloasfiuh@gmail.com',4,'srtjtj'),(15,'Cloadhgj','iojacoi','$2b$10$D57w2td.J0Bn6T5r4BvtguKJvHsEz8UCjDWYt3s/bfdeiY1Gc2eB.','sodifh@gmaic.om',4,'esogihs'),(16,'aoifh','sodih','$2b$10$7Pr4gQZguOw57uDNc4VBSuY7EbP9rnkAcoWGf5erwfjfe75trfAj6','sodihf@gmci.com',4,'ifojsigspo'),(17,'admin','admin','$2b$10$3rhGvzA3YE1kZVqR5LYV6uWVRZ3wbOq2N8A79/BRQdG/W7YKm1qoa','admin@winecellar.com',1,'admin'),(19,'Clodaug','tesoitj','$2b$10$Lf30Raat1kbNlNIeYsB/POd1Nob.BDdFLMLL7VqWkyKQ34LELaW9a','seoiets@gmai.com',4,'tet352352'),(20,'Clodagh','mulcahy','$2b$10$Jlp/hZhUpQbsm5e5gx3wyuvqmluycfr/IgvtaVAW/TvN/ptlfbaVG','sdogihesg@gsoi.com',4,'sdgagaga'),(21,'sldfsgii','segoijsgoi','$2b$10$7IqeD6tWUjtUozjSrXp40ewZYm.5W8LljI1g8wJsdq9HrqAbMEU0C','sgoijsg@gmail.com',4,'23509usdigo'),(22,'Clodahu','mi9ous','$2b$10$Sa5.dle/U7I9YajYkoYSku9rkLYEgARhOpa1Xdu8af5EwGIWLJb/u','siggj@gmail.com',4,'segihh'),(23,'Clodag','Wine','$2b$10$PiE67/NXNL8CaH5Ukq3HE.Ax2SMdse4c3fxTib71ehpS4/n0fQoti','clodagh@gmail.com',4,'clowine'),(24,'clo','clo','$2b$10$uZJt1/k1X6GtI0uNyl9bZOsvnah39do218rr9PT8ArVTiB5ENlciC','clo@gmai.com',4,'test'),(25,'Clodagh','Mulcahy','$2b$10$IFCehKz3v9lMnAgtbatkUu4A2y9IpBHx9HWEQTj.2JtXzQnlnXUSq','cltest@gmail.com',4,'test3'),(26,'cod','esgb','$2b$10$gJh0rhgxsx0loGQJPyfdkexHuyVfzvPCBkASBsfreIUwGwE1pkCVy','egihd@gmail.com',4,'tesagaeseg'),(27,'Clodagh','Pat','$2b$10$weUKnqvE0BSArLAihQfjOO5X2mfjTDGHYYZpoAYW71z52S/JHqAZu','pat@gmai.cmo',4,'mulcahypat2'),(28,'Clodagh','Mulcahy','$2b$10$oB10OMy6xNFe1khaz3HdueNTVZypHviXRYLXiIb9YqT/V9yEZIbd.','eoihf@gmail.com',4,'mulcahypat3'),(29,'Clodagh','Mulcahy','$2b$10$3ZpuWneH3zsv.qRuNFj0OeaXzX28h1/fgyhzl9bYDl8O1sedJdD6m','foij@gmail.com',4,'agas3'),(30,'awowif','eogih','$2b$10$tiV0ycQH4H6VyMBVFo8EM.4SNXxqGnzdHxFScE3P//Vflka5SKH.W','seoi@gmaico.com',4,'lind'),(31,'Clodagh','egih','$2b$10$ae86JhWpOed56PJeQtn.jOM24pp58BxevoS56aH3AZsTy8ZaI/516','sdils@gmail.com',4,'clowefih');
/*!40000 ALTER TABLE `users` ENABLE KEYS */;
UNLOCK TABLES;

--
-- Table structure for table `winery`
--

DROP TABLE IF EXISTS `winery`;
/*!40101 SET @saved_cs_client     = @@character_set_client */;
/*!50503 SET character_set_client = utf8mb4 */;
CREATE TABLE `winery` (
  `winery_id` int NOT NULL AUTO_INCREMENT,
  `name` varchar(100) NOT NULL,
  `region_id` int DEFAULT NULL,
  PRIMARY KEY (`winery_id`),
  KEY `winery_fx1_idx` (`region_id`),
  CONSTRAINT `winery_fx1` FOREIGN KEY (`region_id`) REFERENCES `winery_regions` (`region_id`)
) ENGINE=InnoDB AUTO_INCREMENT=49948 DEFAULT CHARSET=utf8mb4 COLLATE=utf8mb4_0900_ai_ci;
/*!40101 SET character_set_client = @saved_cs_client */;

--
-- Dumping data for table `winery`
--

LOCK TABLES `winery` WRITE;
/*!40000 ALTER TABLE `winery` DISABLE KEYS */;
INSERT INTO `winery` VALUES (1,'Bodegas Boukas',383),(2,'Boukas Winery',383),(3,'Kantina Arberi',383),(4,'Kantina Bardha',383),(5,'Kantina Cobo',383),(6,'Kantina e Veres Kardinal',383),(7,'Kantina e Veres Luani',383),(8,'Kantina Gjergj Kastrioti Skenderbeu',383),(9,'Kantina Rilindja',383),(10,'Kantina SARA',383),(11,'Kokomani Winery',383),(43002,'14 Hands',384),(43003,'Abacela Vineyards & Winery',385),(43004,'Abarbanel Wine Co.',386),(43005,'Abbott Winery',387),(43006,'Abeja',384),(43007,'Abingdon Winery',388),(43008,'Abundance Vineyards',387),(43009,'Acacia Winery',387),(43010,'Academy Wines',385),(43011,'Accardi Vineyards',387),(43012,'Ackerly Pond Vineyards',386),(43013,'Ackerman Winery',389),(43014,'Acme Wineworks',385),(43015,'Acorn Winery',387),(43016,'Adair Vineyards',386),(43017,'Adam Puchta Winery',390),(43018,'Adams County Winery',391),(43019,'Adastra Wines',387),(43020,'Adea Wine Company',385),(43021,'Adelaida Cellars',387),(43022,'Adelsheim Vineyard',385),(43023,'Adler Fels',387),(43024,'A Donkey and Goat',387),(43025,'Adrian Fog Winery',387),(43026,'Adytum Cellars',384),(43027,'Aeppeltreow Winery',392),(43028,'Aetna Springs Cellars',387),(43029,'Afton Mountain Vineyards',388),(43030,'Agajanian Vineyards',387),(43031,'Agua Dulce Vineyards',387),(43032,'Ahlgren Vineyard',387),(43033,'Aiken Winery',393),(43034,'Airlie Winery',385),(43035,'Ajb Vineyards',387),(43036,'Alamosa Wine Cellars',394),(43037,'Alaskan Wilderness Wines',395),(43038,'Alba Vineyards',396),(43039,'Albertina Wine Cellars',387),(43040,'Alderbrook Winery',387),(43041,'Alexander Valley Vineyards',387),(43042,'Alexandria Nicole Cellars',385),(43043,'Alexis Bailly Vineyards',397),(43044,'Alison Wines & Vineyards',386),(43045,'Allegro Wines',391),(43046,'Allora Vineyards',387),(43047,'Almaden Vineyards',387),(43048,'Almarla Vineyards & Winery',398),(43049,'Altamura',387),(43050,'Altasian Cellars',396),(43051,'Alto Vineyards',399),(43052,'Amador Foothill Winery',387),(43053,'Amalthea Cellars',396),(43054,'Amato\'s Winery',400),(43055,'Amavi Cellars',384),(43056,'Amberg Wine Cellars',386),(43057,'Ambrosia By Kristy',384),(43058,'Americana Vineyards Winery',386),(43059,'Amici Cellars',387),(43060,'Amicitia Wine',387),(43061,'Amicus Cellars',387),(43062,'Amity Vineyard',385),(43063,'Amizetta Vineyards',387),(43064,'Amoré Winery',391),(43065,'Amphora Wines',387),(43066,'AmRhein Wine Cellars',388),(43067,'Amuse Bouche Wine',387),(43068,'Amwell Valley Vineyards',396),(43069,'Anam Cara Cellars',385),(43070,'Anasazi Fields Winery',401),(43071,'Anawim Wine Cellars',386),(43072,'Ancien Wines',387),(43073,'Andersen Vineyards',387),(43074,'Anderson\'s Conn Valley Vineyards',387),(43075,'Anderson\'s Orchard & Winery',402),(43076,'Anderson Valley Vineyards',401),(43077,'Andrake Cellars',384),(43078,'Andretti Winery',387),(43079,'Andrew Geoffrey Vineyards',387),(43080,'Andrew Murray Vineyards',387),(43081,'Andrew Rich Winery',385),(43082,'Andrew Will Winery',384),(43083,'Anglim Winery',387),(43084,'Animale',384),(43085,'Ankeny Vineyard Winery',385),(43086,'Ann Arbor Vineyards',403),(43087,'Anne Amie Vineyards',385),(43088,'Anomaly Vineyards',387),(43089,'A. Nonini Winery',387),(43090,'Antelope Valley Winery',387),(43091,'Anthony Road Wine Company',386),(43092,'Antica Terra',385),(43093,'Apex Cellars',385),(43094,'Apple Barn & Cider Mill',404),(43095,'Apple Tree Farm Wines',405),(43096,'Applewood Orchards Winery',386),(43097,'A. Rafanelli Winery',387),(43098,'Araujo Estate Wines',387),(43099,'Arbios Cellars',387),(43100,'Arbor Crest Winery',384),(43101,'Arbor Hill',386),(43102,'Arbor Trails Winery',406),(43103,'Arcadian Estate Vineyards',386),(43104,'Arcadian Winery',387),(43105,'Archery Summit',385),(43106,'Arciero Estate Winery',387),(43107,'Ardente Winery',387),(43108,'Arena Blanca Winery',401),(43109,'Arena Valley Winery',407),(43110,'Argyle Winery',385),(43111,'Arietta Wine',387),(43112,'Arista Winery',387),(43113,'Armagan Champagne',387),(43114,'Armida Winery',387),(43115,'Armstrong Ranch Wines',387),(43116,'Arnold Palmer Wines',387),(43117,'Arns Winery',387),(43118,'Arrowhead Wine Cellars',391),(43119,'Arrowood Vineyards & Winery',387),(43120,'Arroyo Robles Winery',387),(43121,'Artesa Vineyards & Winery',387),(43122,'Artisan Wines',387),(43123,'A Secret Garden Winery',408),(43124,'Ashland Vineyards',385),(43125,'Ashley Lynn Winery',386),(43126,'Ashley Lynn Winery',386),(43127,'Aspen Wine Company',398),(43128,'Astrale e Terra Winery',387),(43129,'Atalon Winery',387),(43130,'A-T Gift Company Farm Winery',409),(43131,'Atlas Peak Vineyards',387),(43132,'Atwater Estate Vineyards',386),(43133,'Audesirk Vineyards',394),(43134,'Audubon Cellars',387),(43135,'Augusta Winery',390),(43136,'August Briggs Wines',387),(43137,'Augustina\'s Winery',410),(43138,'Austin Robaire Vintners',384),(43139,'Autumn Hill Vineyard / Blue Ridge Winery',388),(43140,'Autumn Wind Winery',385),(43141,'Avanti Winery',410),(43142,'Avila Winery',387),(43143,'Axios Wines',387),(43144,'Azalea Springs',387),(43145,'Babcock Winery & Vineyards',387),(43146,'Bacchus School Of Wine',396),(43147,'Bacio Divino',387),(43148,'Badger Mountain Vineyard',384),(43149,'Baer Winery',384),(43150,'Baharav Vineyards',410),(43151,'Baileyana Winery',387),(43152,'Baily Vineyard & Winery',387),(43153,'Bainbridge Island Winery',384),(43154,'Balagna Winery',401),(43155,'Balcom & Moe Vineyard',384),(43156,'Baldacci Family Vineyards',387),(43157,'Baldwin Vineyards',386),(43158,'Balic Winery',396),(43159,'Balistreri Vineyards',410),(43160,'Ballentine Vineyards',387),(43161,'Balletto Vineyards',387),(43162,'Baltimore Bend Vineyard',390),(43163,'Bandiera Winery',387),(43164,'Banfi Vintners',386),(43165,'Bannerman Vineyard',408),(43166,'Bannister Wines',387),(43167,'Barboursville Vineyards',388),(43168,'Barbour Vineyards',387),(43169,'Barca Wineries & Vineyards',387),(43170,'Barclay & Browning Wines',387),(43171,'Barefoot Cellars',387),(43172,'Bargetto Winery',387),(43173,'Barker\'s Blackberry Hill Winery',411),(43174,'Barking Rocks Winery',394),(43175,'Barlow Vineyards',387),(43176,'Barnard Griffin',384),(43177,'Barnett Vineyards',387),(43178,'Barnwood Vineyards',387),(43179,'Baron Manfred Vierthaler',384),(43180,'Barra Of Mendocino',387),(43181,'Barrington Cellars',386),(43182,'Barrister Winery',384),(43183,'Bartholomew Park Winery',387),(43184,'Bartlett Maine Estate Winery',412),(43185,'Barton Creek Cellars',410),(43186,'Basel Cellars Estate Winery',384),(43187,'Bashore & Stoudt Country Winery',391),(43188,'Basignani Winery',413),(43189,'Bastress Mountain Winery',391),(43190,'Batavia Wine Cellars',386),(43191,'Battaglini Estate Winery',387),(43192,'Baxter\'s Vineyard',399),(43193,'Bayfield Winery',392),(43194,'Baystone Wines',387),(43195,'Bayview Cellars',387),(43196,'Beachaven Vineyards & Winery',404),(43197,'Beak & Skiff Apple Winery',386),(43198,'Bear Creek Vineyard Company',387),(43199,'Bear Creek Vineyards',385),(43200,'Bear Pond Wines',386),(43201,'Beaucanon Estate',387),(43202,'Beaux Freres',385),(43203,'Becker Vineyards',394),(43204,'Beckmen Vineyards',387),(43205,'Bedell Cellars',386),(43206,'Bedford Thompson Winery & Vineyard',387),(43207,'Beekman And Beekman',387),(43208,'Bees Brothers Winery',401),(43209,'Behling\'s Spookhill Farms',386),(43210,'Belhurst Winery',386),(43211,'Bel Lago Winery',403),(43212,'Bella Luna Winery',387),(43213,'Bella Vineyards',387),(43214,'Bellefountain Cellars',385),(43215,'Belle Marie Winery',387),(43216,'Belle Pente Wine Cellars',385),(43217,'Belle Vallée Cellars',385),(43218,'Bell Mountain Vineyards',394),(43219,'Bellview Winery',396),(43220,'Bellwether Hard Cider',386),(43221,'Bell Wine Cellars',387),(43222,'Belo Wine Company',387),(43223,'Belvedere Vineyards & Winery',387),(43224,'Benessere Vineyards',387),(43225,'Beniga\'s Creek Vineyard & Winery',391),(43226,'Benjamin Silver Wine',387),(43227,'Benjamin Vineyards & Winery',408),(43228,'Benmarl Vineyards & Winery',386),(43229,'Bennett Vineyards',408),(43230,'Benson Ferry Vineyards',387),(43231,'Benson Vineyards',384),(43232,'Bent Creek Winery',387),(43233,'Benton Lane Winery',385),(43234,'Benziger Family Winery',387),(43235,'Beran Vineyards',385),(43236,'Bergevin Lane Vineyards',384),(43237,'Berghof Keller Winery',384),(43238,'Beringer Vineyards',387),(43239,'Bernardo Winery',387),(43240,'Bernardus Vineyards & Winery',387),(43241,'Berryville Vineyards',399),(43242,'Berrywine Plantations',413),(43243,'Berthoud Vineyards And Winery',387),(43244,'Bethel Heights Vineyard',385),(43245,'Bettinelli Vineyards',387),(43246,'Betz Family Winery',384),(43247,'Biale',387),(43248,'Bianchi Vineyards',387),(43249,'Bias Vineyards & Winery',390),(43250,'Bidwell Vineyards',386),(43251,'Big Creek Vineyards',391),(43252,'Bighorn Cellars',387),(43253,'Big Pine Winery',384),(43254,'Billsboro Winery',386),(43255,'Biltmore Estate Winery',408),(43256,'Birchfield Winery',384),(43257,'Biscotti Family Winery',414),(43258,'Bishop Farms & Winery',415),(43259,'Bitner Vineayrds',407),(43260,'Black Box Wines',387),(43261,'Black Canyon Vineyards',410),(43262,'Black Coyote Wines',387),(43263,'Black Diamond Winery',384),(43264,'Blackjack Ranch Vineyards & Winery',387),(43265,'Black Mesa Winery',401),(43266,'Black Sheep Winery',387),(43267,'Blacksmiths Winery',412),(43268,'Black Star Farms',403),(43269,'Blackstock Vineyards',416),(43270,'Blackstone Winery',387),(43271,'Black Wolf Vineyards',408),(43272,'Blackwood Canyon Vintners',384),(43273,'Blankiet Estate Winery',387),(43274,'Blenheim Vineyards',388),(43275,'Blockhedia Winery',387),(43276,'Bloomer Creek Vineyard',386),(43277,'Blueberry Sky Farm Winery',386),(43278,'Blue Mountain Vineyard & Cellars Ltd.',394),(43279,'Blue Mountain Vineyards',391),(43280,'Blue Ridge Winery',388),(43281,'Blue Rock Vineyard & Wines',407),(43282,'Blue Sky Vineyard',399),(43283,'Blue Teal Vineyards',401),(43284,'Blue Valley Vineyards',406),(43285,'Bluff Dale Vineyards',394),(43286,'Blumenhof Vineyards',390),(43287,'Blum Street Cellars',394),(43288,'Bodega Turner Winery',384),(43289,'Boeger Winery',387),(43290,'Bogle Vineyards',387),(43291,'Bokisch Vineyards',387),(43292,'Bommarito Estate Almond Tree Winery',390),(43293,'Bonair Winery',384),(43294,'Bonny Doon Vineyard',387),(43295,'Bonterra Vineyards',387),(43296,'Bookcliff Vineyards',410),(43297,'Bookwalter Winery',384),(43298,'Boordy Vineyards',413),(43299,'Boskydel Vineyard',403),(43300,'Botham Vineyards & Winery',392),(43301,'Bouchaine Vineyards',387),(43302,'Boudreaux Winery',384),(43303,'Boulder Creek Winery',410),(43304,'Boundary Rock Farm Winery',388),(43305,'Bowers Harbor Vineyard',403),(43306,'Boyden Valley Winery',405),(43307,'Boyer Winery',387),(43308,'Bradford Mountain Winery',387),(43309,'Brandborg Cellars',387),(43310,'Brandborg Vineyard & Winery',385),(43311,'Brander Vineyard',387),(43312,'Brandy Peak Distillery',385),(43313,'Braren Pauli Winery',387),(43314,'Brassfield Estate Winery & Vineyards',387),(43315,'Braswell\'s Winery',417),(43316,'Bravard Vineyards & Winery',411),(43317,'B. R. Cohn Winery',387),(43318,'Breaux Vineyards',388),(43319,'Breezy Hills Vineyard',389),(43320,'Breggo Cellars',387),(43321,'Breitenbach Wine Cellars',414),(43322,'Bressler Vineyards',387),(43323,'Brewer Clifton',387),(43324,'Brian Carter Cellars',384),(43325,'Brick House Vineyards',385),(43326,'Bridgeview Vineyards & Winery',385),(43327,'Bridge Vineyards',386),(43328,'Bridlewood Winery',387),(43329,'Brigadoon Winery',392),(43330,'Brigg\'s Hill Vineyard',385),(43331,'Brimstone Hill Vineyard',386),(43332,'Bristle Ridge Vineyards',390),(43333,'Broadfields',386),(43334,'Broad Hill Vineyards',418),(43335,'Broadley Vineyards',385),(43336,'Broad Run Vineyards',411),(43337,'Brochelle Winery',387),(43338,'Brogan Cellars',387),(43339,'Broman Cellars',387),(43340,'Brookmere Farm Vineyards',391),(43341,'Brooks Wines',385),(43342,'Brophy Clark Cellars',387),(43343,'Brotherhood Winery',386),(43344,'Brown County Winery',402),(43345,'Brown Estate Vineyards & Winery',387),(43346,'Bruno & George Winery',394),(43347,'Brushy Creek Vineyards',394),(43348,'Brutocao Cellars & Vineyard',387),(43349,'Bryant Family Vineyard',387),(43350,'Bryant Vineyards',417),(43351,'Bryce Vineyard',385),(43352,'Buccia Vineyards',414),(43353,'Buckingham Valley Vineyards',391),(43354,'Bucklin',387),(43355,'Buckmaster Cellars',384),(43356,'Buck Shoals Winery',408),(43357,'Buehler Vineyards',387),(43358,'Buena Vista Carneros',387),(43359,'Buffalo Creek Winery',390),(43360,'Buffalo Ridge',384),(43361,'Bully Hill Vineyard',386),(43362,'Bunchgrass Winery',384),(43363,'Buoncristiani Family Winery',387),(43364,'Burgess Cellars',387),(43365,'Burnley Vineyards',388),(43366,'Burrell School Vineyards',387),(43367,'Burr Oak Winery',392),(43368,'Butler Winery And Vineyards',402),(43369,'Butterfly Creek Winery',387),(43370,'Buttonwood Grove Winery',386),(43371,'Buttonwood Winery',387),(43372,'Buty Winery',384),(43373,'Buzzard Crest Vineyards',386),(43374,'Byington Winery',387),(43375,'Bynum Winery',390),(43376,'Byron Vineyard & Winery',387),(43377,'Cabin Creek Vineyards',419),(43378,'Cacciatore Fine Wines & Olive Oil',387),(43379,'Cache River Basin Winery',399),(43380,'Cadence Winery',384),(43381,'Cafaro Cellars',387),(43382,'Cain Vineyard & Winery',387),(43383,'Cairn Canyon Winery',387),(43384,'Cakebread Cellars',387),(43385,'Calafia Cellars',387),(43386,'Calatrasi Usa',384),(43387,'Calcareous Vineyard',387),(43388,'Caldwell Cellars',387),(43389,'Calera Wine Company',387),(43390,'California Cider Company',387),(43391,'Calistoga Cellars',387),(43392,'Callaghan Vineyards',420),(43393,'Callaway Coastal',387),(43394,'Calvaresi Winery',391),(43395,'Camaraderie Cellars',384),(43396,'Camas Winery',407),(43397,'Cambria Winery',387),(43398,'Camellia Cellars',387),(43399,'Camelot',387),(43400,'Cameo Vineyards',399),(43401,'Cameron Winery',385),(43402,'Campion Wines',387),(43403,'Canadian River Winery',419),(43404,'Canandaigua Wine Company',386),(43405,'Cana Vineyards',407),(43406,'Canelo Hills Vineyard & Winery',420),(43407,'Canoe Ridge Winery',384),(43408,'Canon De Sol Winery',384),(43409,'Cantiga Wine Works',387),(43410,'Canyon Road Winery',387),(43411,'Canyon Wind Cellars',410),(43412,'Cape Cod Winery',418),(43413,'Cape May Winery & Vineyard',396),(43414,'Capiaux Cellars',387),(43415,'Cap*rock Winery',394),(43416,'Carabella Vineyard',385),(43417,'Cardinale Estate Winery',387),(43418,'Cardinal Point Winery',388),(43419,'Carlo & Julian Winery',385),(43420,'Carlos Creek Winery',397),(43421,'Carlson Vineyards',410),(43422,'Carlton Cellars',385),(43423,'Carlton Winemakers Studio',385),(43424,'Carmela Vineyards',407),(43425,'Carmel Road',387),(43426,'Carmenet Vineyards',387),(43427,'Carmody-McKnight Estate Wines',387),(43428,'Carneros Creek Winery',387),(43429,'Carneros Della Notte',387),(43430,'Carolina Vineyards Winery',393),(43431,'Carol Shelton Wines',387),(43432,'Carousel Winery',402),(43433,'Carpenter Creek Winery',384),(43434,'Carter Cellars',387),(43435,'Cartlidge & Browne',387),(43436,'Carver Sutro',387),(43437,'Casa Carneros Vineyard',387),(43438,'Casa Cassara Winery & Vineyards',387),(43439,'Casa De Caballos Vineyards',387),(43440,'Casa De Fruta',387),(43441,'Casa De Sue Winery & Vineyards',400),(43442,'Casa Larga Vineyards',386),(43443,'Casa Nuestra Winery',387),(43444,'Casa Rondeña',401),(43445,'Cascade Cliffs Winery',384),(43446,'Cascade Mountain Winery',386),(43447,'Cascata Winery',386),(43448,'Castel Grisch Winery',386),(43449,'Castello Di Borghese',386),(43450,'Castle Creek Winery',421),(43451,'Castle Rock Winery',387),(43452,'Castle Vineyards',387),(43453,'Castoro Cellars',387),(43454,'Catacula Lake Winery',387),(43455,'Caterina Winery',384),(43456,'Cathedral Ridge Winery',385),(43457,'Catherine Valley Winery',386),(43458,'Catoctin Winery',413),(43459,'Cavatappi Winery',384),(43460,'Cave B Estate Winery',384),(43461,'Cave Vineyard',390),(43462,'Caymus Vineyards',387),(43463,'Cayuga Ridge Estate Winery',386),(43464,'Cayuse Vineyards',384),(43465,'Caywood Vineyards',386),(43466,'Cedar Creek Winery',392),(43467,'Cedar Mountain Winery',387),(43468,'Cedarville Vineyard',387),(43469,'Ceja Vineyards',387),(43470,'Cellardoor Winery / Cyder Valley Farm',412),(43471,'Cellars De Santom',399),(43472,'Century House Winery & Vineyard',411),(43473,'Cerminaro Vineyard',408),(43474,'Cerro Caliente Cellars',387),(43475,'Chaddsford Winery',391),(43476,'Chalet Debonné Vineyards',414),(43477,'Chaleur Estate',384),(43478,'Chalk Hill Estate Vineyards & Winery',387),(43479,'Chamard Vineyards',415),(43480,'Chameleon Cellars',387),(43481,'Champagne Creek Cellars',385),(43482,'Champoeg Wine Cellars',385),(43483,'Chandelle Winery',387),(43484,'Chandler Reach Vineyards',384),(43485,'Changala Winery',387),(43486,'Channing Daughters Winery',386),(43487,'Chanticleer',387),(43488,'Chapel Cellars',413),(43489,'Chappellet Winery',387),(43490,'Charles B. Mitchell Vineyards',387),(43491,'Charles Creek Vineyard',387),(43492,'Charles John Vineyards',386),(43493,'Charles Krug',387),(43494,'Charles Spinetta Winery',387),(43495,'Charleville Vineyards',390),(43496,'Charron Vineyards',420),(43497,'Charter Oak Winery',387),(43498,'Chase Family Cellars',387),(43499,'Chateau Aux Arc Vineyards & Winery',422),(43500,'Chateau Benoit Winery',385),(43501,'Chateau Bianca Winery',385),(43502,'Chateau Chantal',403),(43503,'Chateau De Leelanau Vineyard & Winery',403),(43504,'Chateau Du Vieux Corbeau',411),(43505,'Chateau Elan Winery',416),(43506,'Chateau Elan Winery',416),(43507,'Chateau Faire Le Pont',384),(43508,'Chateau Felice',387),(43509,'Chateau Fontaine',403),(43510,'Chateau Gallant',384),(43511,'Chateau Grand Traverse Winery',403),(43512,'Chateau Julien',387),(43513,'Chateau Lafayette Reneau',386),(43514,'Chateau Laurinda',408),(43515,'Chateau Lorane',385),(43516,'Chateau Margene',387),(43517,'Chateau Montelena Winery',387),(43518,'Chateau Morrisette Winery',388),(43519,'Chateau Pomije Winery',402),(43520,'Chateau Potelle',387),(43521,'Chateau Ra-Ha Winery',399),(43522,'Chateau Rodin',387),(43523,'Chateau Ross Vineyards & Winery',404),(43524,'Chateau Sassenage',401),(43525,'Chateau Sinnet',387),(43526,'Chateau Souverain',387),(43527,'Chateau St. Croix',392),(43528,'Chateau Ste. Michelle',384),(43529,'Chateau St. Jean',387),(43530,'Chateau Thomas Winery',402),(43531,'Chateau Valerio',403),(43532,'Chateau Woltner',387),(43533,'Chatham Hill Winery',408),(43534,'Chatom Vineyards',387),(43535,'Chatter Creek',384),(43536,'Chaumette Winery',390),(43537,'Chautauqua Vineyards & Winery',423),(43538,'Chehalem',385),(43539,'Cherry Creek Cellars',403),(43540,'Cherry Hill Winery',385),(43541,'Cherry Valley Vineyards',391),(43542,'Chester Hill Winery',418),(43543,'Chestnut Hill Winery',404),(43544,'Chiappone\'s Cellars',386),(43545,'Chicama Vineyards',418),(43546,'Childress Vineyards',408),(43547,'Chimney Rock Winery',387),(43548,'China Bend Vineyard',384),(43549,'Chinnock Cellars',387),(43550,'Chinook Wines',384),(43551,'Chisholm Trail Winery',394),(43552,'Chouinard Vineyards',387),(43553,'Ch. Renaissance Wine Cellars',386),(43554,'Chrisman Mill Vineyards & Winery',411),(43555,'Christensen Ridge Winery',388),(43556,'Christian Herschler',389),(43557,'Christian W. Klay Winery',391),(43558,'Christine Woods Winery',387),(43559,'Christopher Creek Winery',387),(43560,'Chrysalis Vineyards',388),(43561,'Chumeia Vineyards',387),(43562,'Church Street Winery & Via Vineyards',418),(43563,'Churon Winery',387),(43564,'Ciccone Winery',403),(43565,'Cicero Winery',414),(43566,'Cilurzo Vineyard & Winery',387),(43567,'Cima Collina',387),(43568,'Cimarron Cellars',419),(43569,'Cinnabar Vineyards & Winery',387),(43570,'Circle S Vineyards',394),(43571,'Ck Mondavi Vineyards',387),(43572,'Claar Cellars',384),(43573,'Claiborne & Churchill Vintners',387),(43574,'Claiborne Vineyard',398),(43575,'Claire\'s Grand River Winery',414),(43576,'Clark-Claudon Vineyards',387),(43577,'Claudia Springs Winery',387),(43578,'Clautiere Vineyard',387),(43579,'Clear Creek Distillery',385),(43580,'ClearWeather Wines',424),(43581,'Clinch Mountain Winery',404),(43582,'Cline Cellars',387),(43583,'Clinton Vineyards',386),(43584,'Clos Du Bois',387),(43585,'Clos Du Lac Cellars',387),(43586,'Clos Du Val Wine Co.',387),(43587,'Clos La Chance Wines',387),(43588,'Clos Mimi',387),(43589,'Clos Pegase Winery',387),(43590,'Clos Pepe Vineyards',387),(43591,'Clos Saron',387),(43592,'Clos Tita Winery',387),(43593,'Cloud9Wine',387),(43594,'Clover Hill Vineyards & Winery',391),(43595,'Coates Vineyards',387),(43596,'Cobblestone Farm Winery',386),(43597,'Cobb Wines',387),(43598,'Cocetti Wines',410),(43599,'Coeur D\'alene Cellars',407),(43600,'Coffee Cake Winery',414),(43601,'Cold Heaven Cellars',387),(43602,'Cold Spring Winery',407),(43603,'Cole Bailey Vineyards',387),(43604,'Coleman Vineyard',385),(43605,'Colgin Cellars',387),(43606,'Colibri Vineyard & Winery',420),(43607,'Collier Falls Vineyards',387),(43608,'Collver Family Winery',399),(43609,'Colony Cellars',394),(43610,'Colorado Cellars',410),(43611,'Col Solare Wines',384),(43612,'Columbia Crest Winery',384),(43613,'Columbia Gorge Winery',384),(43614,'Columbia Winery',384),(43615,'Colvin Vineyards',384),(43616,'Comfort Cellars',394),(43617,'Concannon Vineyard',387),(43618,'Confre Cellars',410),(43619,'Conn Creek Winery',387),(43620,'Conneaut Cellars Winery',391),(43621,'Consilience',387),(43622,'Constant Wine',387),(43623,'Contessa Wine Cellars',403),(43624,'Cooper - Garrod Vineyards',387),(43625,'Cooper Mountain',385),(43626,'Cooper Vineyards',388),(43627,'Copain Wine Cellars',387),(43628,'Copeland Creek Vineyards',387),(43629,'Copernica Vineyards',413),(43630,'Corbett Canyon',387),(43631,'Cordon Creek',387),(43632,'Cordova Cellars Winery',404),(43633,'Corey Creek Vineyards',386),(43634,'Corison Winery',387),(43635,'Corkscrew Winery & The Wine Shoppe Co.',423),(43636,'Corley Vineyards Dba Amber Ridge Vineyards',410),(43637,'Cornerstone Cellars',387),(43638,'Corrales Winery',401),(43639,'Corus Brands',384),(43640,'Cosentino Winery',387),(43641,'Costa De Oro Winery',387),(43642,'Cottonwood Canyon',387),(43643,'Cottonwood Cellars',410),(43644,'Coturri Winery',387),(43645,'Cougar Crest Winery',384),(43646,'Coulson El Dorado Winery',387),(43647,'Country Creek Winery',391),(43648,'Countryside Vineyards & Winery',404),(43649,'Coventry Vale',385),(43650,'Coventry Vale Winery',384),(43651,'Cove Point Winery',413),(43652,'Covey Run',384),(43653,'Cowie Wine Cellars',422),(43654,'Coyote Crest Vineyards & Winery',387),(43655,'Crane Canyon Cellars',387),(43656,'Crane Creek Vineyards',416),(43657,'Crane Family Vineyards',387),(43658,'Cream Ridge Winery',396),(43659,'Creekside Cellars',410),(43660,'Crescent Mountain Vineyards',393),(43661,'Crescini Wines',387),(43662,'Cribari Wines',387),(43663,'Crichton Hall Vineyard',387),(43664,'Crinella Winery',387),(43665,'Cristom Vineyards',385),(43666,'Crocker & Starr',387),(43667,'Croft Bailey Vineyards',385),(43668,'Cronos',385),(43669,'Crooked Lake Winery',386),(43670,'Crooked Vine Winery',387),(43671,'Crossing Vineyards',391),(43672,'Crossroads Vineyards & Winery',394),(43673,'Cross Timbers Winery',394),(43674,'Crown Valley Winery',390),(43675,'Croze Wines',387),(43676,'C.R. Sandidge Wines',384),(43677,'Crystal Basin Cellars',387),(43678,'C.T. Miller Vineyard',391),(43679,'Cuneo Cellars',385),(43680,'Curtis Winery.Com',387),(43681,'Cuthills Vineyards',406),(43682,'Cuvaison Winery',387),(43683,'Cygnus Wine Cellars',413),(43684,'Daedalus Cellars',385),(43685,'D\'Agostini Winery',387),(43686,'Dakotah Vineyards & Winery',423),(43687,'Dalla Valle Vineyards',387),(43688,'Daly Creek Vineyard & Winery',389),(43689,'Damiani Wine Cellars',386),(43690,'D\'Anbino Vineyards',387),(43691,'Daniel Cellars',388),(43692,'Daniel Gehrs Wines',387),(43693,'Daniel Vineyards',409),(43694,'Dankorona Winery',414),(43695,'Darcie Kent Winery',387),(43696,'D\'Argenzio Winery',387),(43697,'Darighe',384),(43698,'Darioush Winery',387),(43699,'Dark Mountain Vineyard & Winery',420),(43700,'Dark Star Cellars',387),(43701,'Dashe Cellars',387),(43702,'Daume Winery',387),(43703,'Davenport Winery',425),(43704,'David Bruce Winery',387),(43705,'David Coffaro Estate Winery',387),(43706,'David Frost Wines',394),(43707,'David Hill Winery',385),(43708,'David Noyes Wines',387),(43709,'Davis Bynum Winery',387),(43710,'Davis Family Vineyards',387),(43711,'D-Cubed Cellars',387),(43712,'Deaver Vineyards',387),(43713,'Debeque Canyon Winery',410),(43714,'Deep Creek Winery',413),(43715,'Deer Creek Vineyard',419),(43716,'Deerfield Ranch Winery',387),(43717,'Deer Meadow Vineyard',388),(43718,'Deer Run Winery',386),(43719,'Dehlinger Winery',387),(43720,'De La Montanya Vineyards & Winery',387),(43721,'Delaney Vineyards',394),(43722,'Del Dotto Vineyards',387),(43723,'Delectus Winery',387),(43724,'Delicato Vineyards',387),(43725,'Delille Cellars',384),(43726,'De Loach Vineyards',387),(43727,'De Loach Vineyards',387),(43728,'De Lorimier Winery',387),(43729,'Del Rio Vineyards',385),(43730,'Deluca Vineyards',414),(43731,'Demarco Vineyards',386),(43732,'Demarest Hill Winery',386),(43733,'Demuth Winery',387),(43734,'Denali Winery',395),(43735,'De Natale Vineyards',387),(43736,'Denino Umpqua River Vineyards',385),(43737,'Dennis Vineyards',408),(43738,'Deponte Cellars',385),(43739,'Derbes Wine',387),(43740,'Derose Vineyards',387),(43741,'Desert Hills Winery',384),(43742,'Desi\'s Dew Meadery',408),(43743,'Destino Wines',387),(43744,'Detert Family Vineyards',387),(43745,'Deux Amis Winery',387),(43746,'Diamond Creek Vineyards',387),(43747,'Diamond Head',426),(43748,'Diamond Hill Vineyards',427),(43749,'Diamond Terrace',387),(43750,'Dicarlo Winery',387),(43751,'Dickerson Vineyard',387),(43752,'Digrazia Winery',415),(43753,'Dimatteo Vineyards',396),(43754,'Dimmick Cellars',385),(43755,'Di Stefano Winery',384),(43756,'D. K. Cellars',387),(43757,'Dobra Zemla',387),(43758,'Doce Robles',387),(43759,'Dolce Winery',387),(43760,'Domaine Alfred Winery',387),(43761,'Domaine Becquet Winery',387),(43762,'Domaine Berrien Cellars & Winery',403),(43763,'Domaine Carneros',387),(43764,'Domaine Chandon',387),(43765,'Domaine Charbay Winery & Distillery',387),(43766,'Domaine Coteau',385),(43767,'Domaine Danica Winery',387),(43768,'Domaine De La Terre Rouge',387),(43769,'Domaine Drouhin Oregon',385),(43770,'Domaine Meriwether',385),(43771,'Domaine Santa Barbara',387),(43772,'Domaines Ellam',420),(43773,'Domaine Serene Vineyards',385),(43774,'Domaine Ste. Michelle',384),(43775,'Domaine St. George Winery',387),(43776,'Domaine St. Gregory',387),(43777,'Domes Winery',386),(43778,'Dominion Wine Cellars',388),(43779,'Dominus Estate',387),(43780,'Door Peninsula Winery',392),(43781,'Dos Cabezas Winery & Vineyard',420),(43782,'Dover Canyon Winery',387),(43783,'Downing Family Vineyards',387),(43784,'Dozier Vineyard & Winery',425),(43785,'Dreyer Sonoma',387),(43786,'Dr. Frank\'s Vinifera Wine Cellars',386),(43787,'Driftwood Vineyards',394),(43788,'D. R. Stephens Estate',387),(43789,'Dry Comal Creek Vineyards',394),(43790,'Dry Creek Vineyard',387),(43791,'Drytown Cellars',387),(43792,'Duckhorn Vineyards',387),(43793,'Duck Pond Cellars',385),(43794,'Duck Walk Vineyards',386),(43795,'Duckworth Winery',394),(43796,'Dumol Wine Company',387),(43797,'DuNah Vineyard & Winery',387),(43798,'Duncan Peak Vineyards',387),(43799,'Dundee Springs',385),(43800,'Dune Ridge Winery',402),(43801,'Dunham Cellars',384),(43802,'Dunnewood Vineyards',387),(43803,'Dunning Vineyards',387),(43804,'Duplin Winery',408),(43805,'Dusinberre Cellars',387),(43806,'Dusky Goose',385),(43807,'Dutch Bill Creek Winery',387),(43808,'Dutcher Crossing Winery',387),(43809,'Dutch Henry Winery',387),(43810,'Dutton Estate Winery',387),(43811,'Dutton-Goldfield',387),(43812,'Dyer Vineyard',387),(43813,'Dye\'s Vineyard',388),(43814,'Dzugas Vineyards',386),(43815,'Eagle And Rose Winery',387),(43816,'Eagle Castle Winery',387),(43817,'Eagle City Winery',389),(43818,'Eagle Creek Winery',384),(43819,'Eagle Crest Vineyards',386),(43820,'Eaglepoint Ranch Winery',387),(43821,'Eagle Rock Winery',391),(43822,'Eagles Crest Vineyard',391),(43823,'Eagles Landing Vineyard And Winery',389),(43824,'Eagles Nest Winery',390),(43825,'Earle Estates Meadery & Winery',386),(43826,'Earl Nelson Mitchell Winery',408),(43827,'Easley Winery',402),(43828,'Eaton Hill Winery',384),(43829,'Eberle Winery',387),(43830,'E. B. Foote Winery',384),(43831,'Echo Canyon Vineyard & Winery',420),(43832,'Eckert Winery',387),(43833,'Edenvale Estate',385),(43834,'Eden Vineyards & Winery',423),(43835,'Edgefield Winery',385),(43836,'Edgewood Estate',387),(43837,'Edmeades Winery',387),(43838,'Edmunds St. John',387),(43839,'Ehlers Estate',387),(43840,'Ehlers Grove Winery',387),(43841,'Ehrle Brothers Winery',389),(43842,'Eichenberg Winery',390),(43843,'E & K Winery / The Winery of Sandusky',414),(43844,'Elan Vineyards',387),(43845,'Elk Cove Vineyards',385),(43846,'Elke Vineyards',387),(43847,'Elk Hill Winery',386),(43848,'Elkhorn Peak Cellars',387),(43849,'Elk Prairie Vineyard',387),(43850,'Elk Run Vineyards',413),(43851,'Elliott Family Cellars',387),(43852,'Elliston Vineyards',387),(43853,'El Molino Winery',387),(43854,'El Paso Winery',386),(43855,'Elyse Winery',387),(43856,'Emelios Terrace',387),(43857,'Emerald Coast Wine Cellars',423),(43858,'Enat Winery',387),(43859,'Engelmann Cellars',387),(43860,'English Estate Winery',384),(43861,'Eola Hills Wine Cellars',385),(43862,'Eos Estate Winery',387),(43863,'Epiphany Cellars',387),(43864,'Equinox Wines',387),(43865,'Equus Run Vineyards',411),(43866,'Erath Vineyards',385),(43867,'Eric Ross Winery',387),(43868,'Esquisse Winery & Vineyards',387),(43869,'Estancia Estates',387),(43870,'Esterlina Vineyards & Winery',387),(43871,'Etude Wines',387),(43872,'Eugene Wine Cellars',385),(43873,'Everett Ridge Vineyards & Winery',387),(43874,'Evergreen Valley Vineyards',391),(43875,'Evesham Wood Winery',385),(43876,'Evolution',385),(43877,'Eyrie Vineyards',385),(43878,'Facelli Winery',384),(43879,'Failla Wines',387),(43880,'Fairwinds Winery',384),(43881,'Falconer Vineyards',397),(43882,'Falkner Winery',387),(43883,'Fall Creek Vineyards',394),(43884,'Fanucchi Vineyards',387),(43885,'Farfelu Vineyards',388),(43886,'Far Niente Winery',387),(43887,'Favero Vineyards',387),(43888,'Fawncrest Vineyards',394),(43889,'Feliciana Cellars Winery',400),(43890,'Felton Crest Vineyards',428),(43891,'Fenestra Winery',387),(43892,'Fenn Valley Vineyards',403),(43893,'Ferrante Winery',414),(43894,'Ferrari-Carano Vineyards & Winery',387),(43895,'Ferriere Vineyards',387),(43896,'Ferrigno Winery',390),(43897,'Ferrin\'s Fruit Winery',402),(43898,'Fess Parker Winery & Vineyard',387),(43899,'Fetzer Vineyards',387),(43900,'Ficklin Vineyard',387),(43901,'Fiddlehead Cellars',387),(43902,'Fieldbrook Valley Winery',387),(43903,'Fielding Hills Winery',384),(43904,'Fieldstone Vineyards',397),(43905,'Field Stone Winery & Vineyard',387),(43906,'Fife Vineyards',387),(43907,'Fincastle Vineyard',388),(43908,'Finger Lakes Champagne House',386),(43909,'Fiore Winery',413),(43910,'Firefall Vineyards',387),(43911,'Firelands Winery',414),(43912,'Firesteed Cellars',384),(43913,'Firestone Vineyard',387),(43914,'First Colony Winery',388),(43915,'Fisher Ridge Winery',409),(43916,'Fisher Vineyards',387),(43917,'FishEye Winery',387),(43918,'Fitzpatrick Winery & Lodge',387),(43919,'Five Star Cellars',384),(43920,'Five Vintenters',387),(43921,'Flag Hill Winery',429),(43922,'Flat Creek Estate Winery',394),(43923,'Flickerwood Wine Cellars',391),(43924,'Flint Ridge Vineyards',414),(43925,'Floating Feather Vineyard',407),(43926,'Floodgate Vineyard',387),(43927,'Flora Springs Winery & Vineyards',387),(43928,'Florida Estates Winery',423),(43929,'Florida Orange Groves & Winery',423),(43930,'Flowers Vineyard & Winery',387),(43931,'Foley Estate Vineyard & Winery',387),(43932,'Folie-A-Deux',387),(43933,'Fontana Di Vita Vineyards',387),(43934,'Foppiano Vineyards',387),(43935,'Forchini Vineyards & Winery',387),(43936,'Forestedge Winery',397),(43937,'Forest Glen Winery',387),(43938,'Forgeron Cellars',384),(43939,'Foris Vineyards',385),(43940,'Forks Of Cheat Winery',409),(43941,'Fort Bowie Vineyards And Orchard Products',420),(43942,'Forth Vineyards',387),(43943,'Fortino Winery',387),(43944,'Fort Ross Vineyard & Winery',387),(43945,'Fort Walla Walla Cellars',384),(43946,'Four Chimneys Organic Wines',386),(43947,'Four Gates Winery',387),(43948,'Four Jgs Orchards  Vineyards',396),(43949,'Four Sisters Winery',396),(43950,'Four Vines Winery',387),(43951,'Four Winds Vineyard',406),(43952,'Foxburg Wine Cellars',391),(43953,'Fox Creek Vineyards Co.',399),(43954,'Foxen Winery and Vineyard',387),(43955,'Fox Estate Winery',384),(43956,'Fox Leap Vineyards',391),(43957,'Fox Ridge Winery',391),(43958,'Fox Run Vineyards',386),(43959,'Fox Valley Winery',399),(43960,'Fox Vineyards & Winery',416),(43961,'Fralich Vineyard & Winery',387),(43962,'Fralich Winery',387),(43963,'Franciscan Estates',387),(43964,'Frank Family Vineyards',387),(43965,'Franklin Hill Vineyards',391),(43966,'Franus Wine Company',387),(43967,'Frascone Winery',394),(43968,'Frasinetti\'s Winery',387),(43969,'Fratelli Desiato Vineyards',391),(43970,'Fratelli Perata',387),(43971,'Frazier Winery',387),(43972,'Fredericksburg Winery',394),(43973,'Freeman Vineyard & Winery',387),(43974,'Freemark Abbey',387),(43975,'Freestone Wines',387),(43976,'Freja Cellars',385),(43977,'French Camp Vineyards',387),(43978,'French Creek Ridge Vineyards',391),(43979,'French Hill Winery',387),(43980,'French Lick Winery',402),(43981,'Frenchman\'s Gulch Winery',407),(43982,'Frenz Vineyard And Winery',387),(43983,'Fresno State Winery',387),(43984,'Frey Vineyards',387),(43985,'Frias Family Vineyards',387),(43986,'Frick Winery',387),(43987,'Fritz Winery',387),(43988,'Frog\'s Leap Winery',387),(43989,'Frogtown Cellars',416),(43990,'Frontenac Point Vineyards',386),(43991,'F. Teldeschi Winery',387),(43992,'Fulkerson Winery',386),(43993,'Furnace Brook Winery At Hilltop Orchards',418),(43994,'Furrow Vineyard & Winery',399),(43995,'Futo Family Estate',387),(43996,'Gabriele Rausse Winery',388),(43997,'Gabrielli Winery & Vineyards',387),(43998,'Gainey Vineyard',387),(43999,'Galante Vineyards',387),(44000,'Galena Cellars Winery',399),(44001,'Galena Summit Winery',407),(44002,'Galen Glen Vineyards',391),(44003,'Galleano Winery',387),(44004,'Galleron Signature Wines',387),(44005,'Gallo  E & J Winery',387),(44006,'Gallo Sonoma',387),(44007,'Galluccio Family Wineries',386),(44008,'Gamba Wineyards & Winery',387),(44009,'Gan Eden Wines',387),(44010,'Garden Creek Winery',387),(44011,'Garden Gate Vineyards',408),(44012,'Garfield Estates Vineyard & Winery',410),(44013,'Gargiulo Vineyard',387),(44014,'Garretson Wine Company',387),(44015,'Garre Vineyard & Winery',387),(44016,'Gary Farrell',387),(44017,'Gekkeikan Sake',387),(44018,'Gemstone Vineyard',387),(44019,'Genkota Winery',399),(44020,'Georgetown Vineyards',414),(44021,'Georis Winery',387),(44022,'Gerber Vineyards',387),(44023,'Germain-Robin',387),(44024,'Germanton Winery',408),(44025,'Geyser Peak Winery',387),(44026,'G. Graham Wines',387),(44027,'Giancarelli Bros. Winery',386),(44028,'Gibbons Lane Winery',384),(44029,'Giessinger Winery',387),(44030,'Gill\'s Pier Vineyard & Winery',403),(44031,'Ginger Creek Vineyards',408),(44032,'Girardet Wine Cellars',385),(44033,'Girard Winery',387),(44034,'Glades Pike Winery',391),(44035,'Glen Fiona',384),(44036,'Glen Haven Farm',386),(44037,'Glenlyon Vineyards & Winery',387),(44038,'Glenora Winery',386),(44039,'Glenwood Oaks Winery',387),(44040,'Gloria Ferrer Champagne Caves',387),(44041,'Gloria Winery',390),(44042,'Glunz Family Winery',399),(44043,'Gneiss Winery',387),(44044,'Gnekow Family Winery',387),(44045,'Godspeed Vineyards',387),(44046,'Gold Digger Cellars',384),(44047,'Goldeneye',387),(44048,'Golden State Vintners Napa',387),(44049,'Gold Hill Vineyard',387),(44050,'Gold Mine Winery',387),(44051,'Gold Ridge Pinot',387),(44052,'Gold Seal Vineyards',386),(44053,'Goodale Orchards Winery / Russell Orchards',418),(44054,'Good Harbor Vineyards/winery',403),(44055,'Goosecross Cellars',387),(44056,'Goose Ridge Estate Vineyards And Winery',385),(44057,'Goose Watch Winery',386),(44058,'Gordon Brothers Cellars',384),(44059,'Gouveia Vineyards',415),(44060,'Grace Family Vineyards',387),(44061,'Graeser Winery',387),(44062,'Grande River Vineyards',410),(44063,'Grande Wine Cellars',414),(44064,'Grand View Winery',405),(44065,'Granite Springs Winery',387),(44066,'Granville Wines',385),(44067,'Grape Creek Vineyard',394),(44068,'Grape Inspirations Winery',402),(44069,'Grape Leaf Cellars',387),(44070,'Grape Ranch',419),(44071,'Grape Vine Winery The',389),(44072,'Gray Ghost',388),(44073,'Gray Haven Winery',388),(44074,'Graystone Winery & Vineyards',410),(44075,'Great Land Wines Ltd.',395),(44076,'Grebennikoff Vineyards',387),(44077,'Greenbank Cellars',384),(44078,'Green Family Winery',387),(44079,'Greenfield Vineyards and Winery',419),(44080,'Green & Red Vineyard',387),(44081,'Greenvale Vineyards',427),(44082,'Greenwood Ridge Vineyards',387),(44083,'Gregory Graham Wine',387),(44084,'Grey Fox Vineyards',387),(44085,'Grey Wolf Cellars',387),(44086,'Grgich Hills Cellars',387),(44087,'Gristina Vineyards',386),(44088,'Groth Vineyards & Winery',387),(44089,'Grove Street Winery',387),(44090,'Gruet Winery',401),(44091,'Guenoc & Langtry Vineyards & Winery',387),(44092,'Guglielmo Winery',387),(44093,'Guilford Ridge Vineyard',388),(44094,'Gundlach Bundschu Winery',387),(44095,'Guy Drew Vineyards',410),(44096,'Gypsy Dancer Estates',385),(44097,'Haak Vineyards & Winery',394),(44098,'Habersham Winery',416),(44099,'Hagafen Cellars',387),(44100,'Hahn Estates',387),(44101,'Haight Vineyard',415),(44102,'Hakusan Sake',387),(44103,'Half Moon Bay Winery',387),(44104,'Hallcrest Vineyards',387),(44105,'Hamacher Wines',385),(44106,'Hamilton Oaks Vineyard',387),(44107,'Handley Cellars',387),(44108,'Hanna Winery',387),(44109,'Hanover Park Vineyard',408),(44110,'Hans Fahden Vineyards',387),(44111,'Hanzell Vineyards',387),(44112,'Hargrave Vineyard',386),(44113,'Harlan Estate',387),(44114,'Harlequin Wine Cellars',384),(44115,'Harmony Cellars',387),(44116,'Harmony Hill Vineyards and Estate Winery',414),(44117,'Harpersfield Vineyard',414),(44118,'Harrison Vineyards',387),(44119,'Harrow Cellars',387),(44120,'Hartford Family Winery',387),(44121,'Hartwell Vineyards',387),(44122,'Hart Winery',387),(44123,'Hartwood Winery',388),(44124,'Harvest Moon Winery',387),(44125,'Hauer Of The Dauen',385),(44126,'Havens Wine Cellars',387),(44127,'Hawk Shadow Vineyard',391),(44128,'Hawley Wine',387),(44129,'Haywood Winery',387),(44130,'Hazlitt 1852 Vineyards',386),(44131,'Heartland Vineyards',414),(44132,'Heart Of The Desert',401),(44133,'Heart Of The Vineyard',403),(44134,'Hedges Cellars',384),(44135,'Hegy\'s South Hills Winery',407),(44136,'Heidrun Meadery',387),(44137,'Heimhof Winery',425),(44138,'Heineman\'s Winery',414),(44139,'Heinrichshaus Vineyard & Winery',390),(44140,'Heitz Wine Cellar',387),(44141,'Helena View',387),(44142,'Heller Estate',387),(44143,'Hells Canyon Winery',407),(44144,'Helvetia Winery & Vineyards',385),(44145,'Hemman Winery',390),(44146,'Hemp Wine America',386),(44147,'Hendry Winery',387),(44148,'Henke Winery',414),(44149,'Henry Estate Winery',385),(44150,'Henscratch Farms Vineyard & Winery',423),(44151,'Herb Lamb Vineyards',387),(44152,'Heritage Pointe Vineyards',411),(44153,'Heritage Trail Vineyards',415),(44154,'Heritage Vineyards Of Richwood',396),(44155,'Heritage Wine Cellars',391),(44156,'Heritage Wine & Cheese Haus',389),(44157,'Hermannhof Winery',390),(44158,'Hermann J. Wiemer Vineyard',386),(44159,'Hermosa Vineyards Llc',410),(44160,'Heron Hill Vineyards',386),(44161,'Heron Wines',387),(44162,'Hickory Hill Vineyards',388),(44163,'Hickory Hollow Wine Cellars / Highland Cellars',386),(44164,'Hidden Brook Winery',388),(44165,'Hidden Cellars Winery',387),(44166,'Hidden Ranch Winery',387),(44167,'Hidden Springs Winery',394),(44168,'High Hill Vineyards',418),(44169,'Highland Manor Winery',404),(44170,'Highlands Harvest Vineyards',388),(44171,'Highland Winery',411),(44172,'High Pass Winery',385),(44173,'Hightower Cellars',384),(44174,'High Valley Vineyard',387),(44175,'Hill Prairie Winery',399),(44176,'Hill Top Berry Farm & Winery',388),(44177,'Hinnant Family Vineyard',408),(44178,'Hinzerling Vineyards',384),(44179,'Hip Chicks Do Wine',385),(44180,'Hitching Post Wines',387),(44181,'Hogue Cellars',385),(44182,'Holdredge Wines',387),(44183,'Holesinsky Vines',407),(44184,'Holloran Vineyard Wines',385),(44185,'Holly Ridge Winery',404),(44186,'Hollys Hill Vineyard',387),(44187,'Holy-Field Vineyard & Winery',425),(44188,'Homestead Winery',394),(44189,'Homewood Winery',387),(44190,'Honeyrun Winery',387),(44191,'Honeywood Winery',385),(44192,'Honig Vineyard & Winery',387),(44193,'Hood River Vineyards',385),(44194,'Hoodsport Winery',384),(44195,'Hook & Ladder Vineyards and Winery',387),(44196,'Hopewell Valley Vineyards',396),(44197,'Hop Kiln Winery',387),(44198,'Hopkins Vineyard',415),(44199,'Horizon Cellars',408),(44200,'Horizon\'s Edge Winery',384),(44201,'Horton Cellars',388),(44202,'Hosmer Vineyard',386),(44203,'Hourglass',387),(44204,'House Of Marquis',388),(44205,'Houston Vineyards',385),(44206,'Howell Mountain Vineyards',387),(44207,'Huber Cellars',387),(44208,'Huber Orchard & Winery',402),(44209,'Hug Cellars',387),(44210,'Hughes Family Vineyards',387),(44211,'Humanitas Wines',387),(44212,'Hunt Cellars',387),(44213,'Hunt Country Vineyards',386),(44214,'Hunter Chasseur Wine Cellars',387),(44215,'Hunter Hill Wines',387),(44216,'Hunters Valley Winery',391),(44217,'Huntington Wine Cellars',387),(44218,'Hurricane Ridge Winery',384),(44219,'Husch Vineyards',387),(44220,'Husic Vineyards',387),(44221,'Hyatt Vineyards',384),(44222,'Icaria Creek Winery & Vineyards',387),(44223,'Icicle Ridge Winery',384),(44224,'Idylwood Winery',385),(44225,'Il Cuore Wine Cellars',387),(44226,'Illinois River Winery',399),(44227,'Imagery Estate Winery',387),(44228,'Imboden Vineyard',422),(44229,'Indian Creek Village Winery',419),(44230,'Indian Creek Vineyard',399),(44231,'Indian Creek Winery',407),(44232,'Indian Springs Vineyards',387),(44233,'Ingleside Plantation Winery',388),(44234,'Inheritance Valley Vineyards',399),(44235,'Inman Family Wines',387),(44236,'Innovative Winery',408),(44237,'Inspiration Vineyards & Winery',387),(44238,'In Town Winery',411),(44239,'Io Vineyards',387),(44240,'Iridesse',387),(44241,'Iron Horse Vineyards',387),(44242,'Ironstone Vineyards',387),(44243,'Irvin-House Vineyards',393),(44244,'Isenhower Cellars',384),(44245,'It\'s Your Winery',414),(44246,'Ivan Tamas Winery',387),(44247,'Jacelyn Cellars',387),(44248,'Jaffurs Wine Cellars',387),(44249,'Jake\'s Fault',387),(44250,'James Arthur Vineyards',406),(44251,'James Johnson Vineyards',387),(44252,'Jamesport Vineyards',386),(44253,'James River Wine Cellars',388),(44254,'Jankris Winery',387),(44255,'Januik Winery',384),(44256,'Jardin Wines',384),(44257,'Jarvis Wines',387),(44258,'Jason\'s Vineyard',386),(44259,'Jasper Winery',389),(44260,'JC Cellars',387),(44261,'Jefferson Vineyards',388),(44262,'Jeff Runquist Wines',387),(44263,'Jepson Vineyards',387),(44264,'Jeriko Estate',387),(44265,'Jerram Winery',415),(44266,'Jessie\'s Grove Winery',387),(44267,'Jessup Cellars',387),(44268,'Jest Red Wines',387),(44269,'Jewel Collection Fine Wines',387),(44270,'Jewell Towne Vineyards',429),(44271,'J. Garcia Wine',387),(44272,'Jilbert Winery',414),(44273,'J. Jenkins Winery',387),(44274,'J.K. Carriere',385),(44275,'J. Lohr Winery',387),(44276,'J. Lynne Wines',387),(44277,'JM Cellars',384),(44278,'Jocelyn & Lonen Wines',387),(44279,'Jocelyn Wines',387),(44280,'Jodar Vineyard & Winery',387),(44281,'John Christ Winery',414),(44282,'John Michael Chateau',385),(44283,'Johnson Creek Winery',384),(44284,'Johnson Estate Winery',386),(44285,'Johnston\'s Winery',386),(44286,'John Tyler Wines',387),(44287,'Jomagrha Winery',403),(44288,'Jonathan Edwards Winery',415),(44289,'Jones Cabin Run Vineyards',409),(44290,'Jones Family Vineyards',387),(44291,'Jordan Estate Winery',387),(44292,'Jory Winery',387),(44293,'Joseph Cerniglia Winery',405),(44294,'Joseph Filippi Winery',387),(44295,'Joseph Narcizo Wines',387),(44296,'Joseph Phelps Vineyards',387),(44297,'Joseph Swan Vineyards',387),(44298,'Joullian Vineyards',387),(44299,'Judd\'s Hill',387),(44300,'Ju\'lianne Cellars',384),(44301,'Juslyn Vineyards',387),(44302,'Jussila Vineyard',387),(44303,'Justin Vineyards & Winery',387),(44304,'J Wine Company',387),(44305,'Kahn Winery',387),(44306,'Kaiser Home Winery',389),(44307,'Kalamar Winery',384),(44308,'Kalin Cellars',387),(44309,'Kamen Wines',387),(44310,'Kana Winery',385),(44311,'Kapcsandy Family Winery',387),(44312,'Kapp Winery',402),(44313,'Karl Lawrence Cellars',387),(44314,'Karly Winery',387),(44315,'Karma Vista Vineyards',403),(44316,'Kathken Vineyards',385),(44317,'Kathryn Hall Vineyards',387),(44318,'Kathryn Kennedy Winery',387),(44319,'Kauffman Winery',402),(44320,'Kaz Vineyard & Winery',387),(44321,'K. Edward Winery',403),(44322,'Keegan Cellars',387),(44323,'Keeling-Schaefer Vineyards',420),(44324,'Kelham Vineyard',387),(44325,'Keller Estate',387),(44326,'Kelley\'s Island Wine',414),(44327,'Kelsey See Canyon Vineyards',387),(44328,'Kenco Farms Honey Wines',409),(44329,'Kendall-Jackson Winery',387),(44330,'Kent Rasmussen Winery',387),(44331,'Kenwood Vineyards',387),(44332,'Ken Wright Cellars',385),(44333,'Kerrigan Brothers Winery',392),(44334,'Kestrel Vintners',384),(44335,'Keswick Vineyards',388),(44336,'Keuka Overlook Wine Cellars',386),(44337,'Keuka Spring Vineyards',386),(44338,'Keyways Winery & Vineyard',387),(44339,'Kiepersol Estates',394),(44340,'King Estate Winery',385),(44341,'King Family Vineyards',388),(44342,'King Ferry Winery',386),(44343,'King\'s Road Winery',396),(44344,'Kinkead Ridge Estate Winery',414),(44345,'Kiona Vineyards Winery',385),(44346,'Kiona Vineyards & Winery',384),(44347,'Kirkland Ranch Winery',387),(44348,'Kirkwood Winery',409),(44349,'Kishwaukee Ridge',399),(44350,'Kistler Vineyards',387),(44351,'Kit Fox Vineyard',387),(44352,'Klingshirn Winery',414),(44353,'Klipsun Vineyards',384),(44354,'Kluge Estate Winery',388),(44355,'Knapp Winery',386),(44356,'Knipprath Cellars',384),(44357,'Kobalt Wines',387),(44358,'Kodiak Island Winery',395),(44359,'Koehler Winery',387),(44360,'Koenig Distillery & Winery',407),(44361,'Kog Hill Winery',391),(44362,'Kokopelli Winery',420),(44363,'Korbel Champagne Cellars',387),(44364,'Kosta Browne Winery',387),(44365,'Koves-Newlan Vineyards & Winery',387),(44366,'Kramer Vineyards',385),(44367,'Kreutz Creek Vineyards',391),(44368,'Kristin Hill Winery',385),(44369,'Kuleto Estate Family Vineyards',387),(44370,'Kunde Estate Winery',387),(44371,'Kunin Wines',387),(44372,'K Vintners',384),(44373,'Kynsi Winery',387),(44374,'l\'Abeille Honey Winery',405),(44375,'La Belle Amie Vineyard',393),(44376,'La Bete Wines',385),(44377,'La Bodega Winery',394),(44378,'La Buena Vida Vineyards',394),(44379,'La Caille Vineyards & Winery',421),(44380,'La Casa Narcisi',391),(44381,'La Chiripada Winery',401),(44382,'La Crema',387),(44383,'Ladera Vineyards',387),(44384,'La Diosa Cellars',394),(44385,'La Dolce Vita Winery',390),(44386,'Laetitia Vineyard & Winery',387),(44387,'La Famiglia Di Robert Mondavi',387),(44388,'Lafollette Vineyard & Winery',396),(44389,'Lafond Winery & Vineyards',387),(44390,'La Garza Cellars',385),(44391,'Lago Di Merlo Vineyards & Winery',387),(44392,'Lail Vineyards',387),(44393,'Laird Family Estate',387),(44394,'La Jota Vineyard Co.',387),(44395,'Lake Anna Winery',388),(44396,'Lake Chelan Winery',384),(44397,'Lake Michigan Winery',402),(44398,'Lakeridge Winery & Vineyards',423),(44399,'Lakeshore Winery',386),(44400,'Lakeside Vineyard',414),(44401,'Lake Sonoma Winery',387),(44402,'Lakewood Vineyards',386),(44403,'Laleure Vineyards',414),(44404,'Lambert Bridge Winery',387),(44405,'Lambert\'s Vintage Wines',409),(44406,'Lamborn Family Vineyards',387),(44407,'Lamoreaux Landing Wine Cellars',386),(44408,'Lancaster County Winery',391),(44409,'Lancaster Estate Winery',387),(44410,'Landmark Vineyards',387),(44411,'Land Of Nod Winery The',415),(44412,'Landry Vineyards',400),(44413,'Landwirt Vineyards',388),(44414,'Lane Tanner',387),(44415,'Lange Winery',385),(44416,'Lang & Reed Winery',387),(44417,'Lanthier Winery',402),(44418,'Lapic Winery',391),(44419,'La Querencia Vineyards & Winery',401),(44420,'Larkmead Vineyards',387),(44421,'La Rocca Vineyards',387),(44422,'La Rochelle Winery',387),(44423,'Larry\'s Vineyard & Winery',386),(44424,'Larson Family Winery',387),(44425,'Lasata Wines',399),(44426,'La Sirena Wines',387),(44427,'Last Chance Winery',406),(44428,'Latah Creek Wine Cellars',384),(44429,'Latcham Vineyards',387),(44430,'La Toscana Winery',384),(44431,'Lauderdale Cellars',404),(44432,'Lau-Nae Winery',399),(44433,'Laura\'s Vineyard',387),(44434,'Laurel Glen',387),(44435,'Laurel Gray Vineyards',408),(44436,'Laurel Lake Vineyards',386),(44437,'Laurello Vineyards',414),(44438,'Laurel Mountain Vineyard',391),(44439,'Laurel Ridge',385),(44440,'Laurita Vineyards',396),(44441,'Lautenbach\'s Orchard Winery',392),(44442,'Lauterbach Cellars',387),(44443,'Lava Cap Winery',387),(44444,'La Velle Winery',385),(44445,'Lavender Crest Winery',399),(44446,'l\'Aventure',387),(44447,'La Vida Loca Winery',389),(44448,'La Vina Winery',401),(44449,'Lawton Winery',385),(44450,'Lazy Creek Winery',387),(44451,'Le Cask',387),(44452,'Le Clos Thérèse',386),(44453,'l\'Ecole No. 41',384),(44454,'Le Cuvier Winery',387),(44455,'Ledgewood Creek Winery & Vineyards',387),(44456,'Ledson Winery & Vineyards',387),(44457,'Leelanau Wine Cellars',403),(44458,'Leeward Winery',387),(44459,'Lehm Berg Winery',394),(44460,'Leidenfrost Vineyards',386),(44461,'Lemelson Vineyards',385),(44462,'Lemon Creek Winery',403),(44463,'Le Montueux Vineyard & Winery',403),(44464,'Le Mulet Rouge',387),(44465,'Lenz Winery & Vineyard The',386),(44466,'Leonardo Family Vineyards',387),(44467,'Leonetti Cellar',384),(44468,'Les Bourgeois Vineyards',390),(44469,'Le Vin Vineyards and Winery',387),(44470,'Lewelling Vineyards',387),(44471,'Lewis Cellars',387),(44472,'Lexington Valley Vineyard',388),(44473,'Lieb Family Cellars',386),(44474,'Lightcatcher Winery',394),(44475,'Lil Ole Winemaker Shoppe',392),(44476,'Limerick Lane Cellars',387),(44477,'Limestone Creek Winery',399),(44478,'LinCourt Vineyards',387),(44479,'Linden Vineyards',388),(44480,'Linganore Wine Cellars',413),(44481,'Linne Calodo Cellars',387),(44482,'Lions Peak Winery',387),(44483,'Lion Valley Vineyards',385),(44484,'Liparita Cellars',387),(44485,'Little Amana Winery',389),(44486,'Little Ashby Vineyards',413),(44487,'Little Hungary Farm Winery',409),(44488,'Little Swan Lake Winery',389),(44489,'Little Vineyards and Family Winery',387),(44490,'Littorai Wines',387),(44491,'Livingston Moffett Wines',387),(44492,'Llano Estacado Winery',394),(44493,'L. Mawby Vineyards & Winery',403),(44494,'Lockwood Vineyard',387),(44495,'Loew Vineyards',413),(44496,'Logan Ridge Winery & Restaurant',386),(44497,'Lokoya Winery',387),(44498,'Lola Wines',387),(44499,'Lolonis Winery',387),(44500,'Lolo Peak Winery',424),(44501,'Londer Vineyards',387),(44502,'Lone Canary Winery',384),(44503,'Lonen Wines',387),(44504,'Lone Oak Vineyard Estate',403),(44505,'Lone Oak Vineyards',394),(44506,'Lone Star Wine Cellars',394),(44507,'Longboard Vineyards',387),(44508,'Long Hollow Winery',404),(44509,'Long Meadow Ranch',387),(44510,'Long Point Winery',386),(44511,'Long Trout Winery',391),(44512,'Long Vineyards',387),(44513,'Lopez Island Vineyards',384),(44514,'Lorca Wines',387),(44515,'Loring Wine Company',387),(44516,'Los Luceros Winery',401),(44517,'Los Pinos Ranch Vineyards',394),(44518,'Lost Canyon Winery',387),(44519,'Lost Creek Vineyard',394),(44520,'Lost Creek Vineyards & Winery',388),(44521,'Lost Heritage Vineyards',411),(44522,'Lost Mountain Winery',384),(44523,'Lost River Winery',384),(44524,'Loudon Valley Vineyards & Winery',404),(44525,'Loudoun Valley Vineyards',388),(44526,'Loughlin Vineyards',386),(44527,'Louis M Martini Winery',387),(44528,'Louis P. Balducci Vineyards',390),(44529,'Lovers Leap Vineyards',406),(44530,'Lover\'s Leap Vineyard & Winery',411),(44531,'Lowden Hills Winery',384),(44532,'Lowe\'s Winery',404),(44533,'Loxton Cellars',387),(44534,'Lucas And Lewellen Vineyards',387),(44535,'Lucas Vineyards',386),(44536,'Lucas Winery',387),(44537,'Ludwigshof',425),(44538,'Luedke\'s Winery',397),(44539,'Luna Rossa',401),(44540,'Luna Vineyards',387),(44541,'Luttgens Family Vineyards',387),(44542,'l\'Uvaggio Di Giacomo',387),(44543,'Lvc Wines',387),(44544,'Lynfred Winery',399),(44545,'Lynmar Winery At Quail Hill Ranch',387),(44546,'Macari Vineyards & Winery',386),(44547,'Mackinaw Valley Vineyard',399),(44548,'Macrostie Winery & Vineyards',387),(44549,'Mac\'s Creek Vineyards & Winery',406),(44550,'Mademoiselle Vineyards',401),(44551,'Madison Vineyards',402),(44552,'Madison Vineyards & Winery',401),(44553,'Madonna Estate',387),(44554,'Madrigal Vineyards',387),(44555,'Magito Wines',387),(44556,'Magnanini Farm Winery',386),(44557,'Maiolatesi Wine Cellars',391),(44558,'Maison Basque Winery',387),(44559,'Maison De Padgett Winery',384),(44560,'Maloy O\'Neill Vineyards',387),(44561,'Malvadino Vineyards',387),(44562,'Manatawny Creek Winery',391),(44563,'Manchego Real',385),(44564,'Mankas Hills Vineyards',387),(44565,'Manor Hill Vineyards',386),(44566,'Manucci Winery',387),(44567,'Maple Creek Winery',387),(44568,'Maple Ridge Vineyards',414),(44569,'Maple River Winery',430),(44570,'Maresh Red Barn',385),(44571,'Mariah',387),(44572,'Marietta Cellars',387),(44573,'Marietta Wine Cellars',414),(44574,'Marilyn Merlot',387),(44575,'Marimar Torres Estate',387),(44576,'Mario Perelli-Minetti Winery',387),(44577,'Market Cellar Winery',384),(44578,'Markham Vineyards',387),(44579,'Markko Vineyard',414),(44580,'Mark West Estate Winery',387),(44581,'Marquam Hill Vineyards',385),(44582,'Marshall\'s Winery',384),(44583,'Marston Family Vineyard',387),(44584,'Martha Clara Vineyards',386),(44585,'Martin And Weyrich Winery',387),(44586,'Martinelli Winery',387),(44587,'Martin Family Vineyards',387),(44588,'Martini & Prati Winery',387),(44589,'Martin Ray Winery',387),(44590,'Martin-Scott Winery',384),(44591,'Martin\'s Honey Farm & Meadery',386),(44592,'Martin Vineyards',408),(44593,'Maryhill Winery',384),(44594,'Mason Cellars',387),(44595,'Mason Creek Winery',392),(44596,'Massbach Ridge Winery',399),(44597,'Masset Winery',384),(44598,'Mastantuono Winery',387),(44599,'Matanzas Creek Winery',387),(44600,'Match Vineyards',387),(44601,'Matin Soleil',385),(44602,'Matthews Cellars',384),(44603,'Maui\'s Winery',426),(44604,'Maurice Car\'rie Vineyard & Winery',387),(44605,'Mauritson Vineyards',387),(44606,'Mayacamas Vineyards',387),(44607,'Maydelle Country Wines',394),(44608,'Mayo Family Winery',387),(44609,'Maysara Estate Winery',385),(44610,'Mazza Vineyards',391),(44611,'Mazzocco Vineyards',387),(44612,'McCray Ridge',387),(44613,'McCrea Cellars',384),(44614,'McDowell Valley Vineyards',387),(44615,'McGregor Vineyard Winery',386),(44616,'McHenry Vineyard',387),(44617,'McIlroy Cellars',387),(44618,'McKenzie-Mueller Vineyards And Winery',387),(44619,'McKeon-Phillips Winery',387),(44620,'McKinlay Vineyard',385),(44621,'McLaughlin Vineyards',415),(44622,'McManis Family Vineyards',387),(44623,'McNab Ridge Winery',387),(44624,'McReynolds Wines',394),(44625,'Meador Estate Wines',387),(44626,'Medici Vineyards',385),(44627,'Medlock Ames',387),(44628,'Medovina',410),(44629,'Meeker Vineyards',387),(44630,'Meier\'s Wine Cellars',414),(44631,'Meinhardt Vineyards & Winery',416),(44632,'Mellea Winery',418),(44633,'Melrose Vineyards',385),(44634,'Melville Vineyards And Winery',387),(44635,'Menghini Winery',387),(44636,'Meola Vineyards and Winery',387),(44637,'Meramec Vineyards',390),(44638,'Meranda Vineyards',414),(44639,'Meridian Vineyards',387),(44640,'Merritt Estate Winery',386),(44641,'Merry Edwards',387),(44642,'Merryvale Vineyards',387),(44643,'Merus Wines',387),(44644,'Messina Family Vineyards',387),(44645,'Messina Hof Winery & Resort',394),(44646,'Metrillo Wine Cellars',414),(44647,'Mettler Family Vineyards',387),(44648,'Meyer Family Cellars',387),(44649,'Meyer Vineyards',406),(44650,'Miceli Vineyards',407),(44651,'Michael Charles Winery',391),(44652,'Michael-David Vineyards',387),(44653,'Michael Martella',387),(44654,'Michael Mercier Winery',387),(44655,'Michael Pozzan Winery',387),(44656,'Michael Shaps Wines',388),(44657,'Michaud Vineyard',387),(44658,'Michel-Schlumberger',387),(44659,'Midnight Cellars',387),(44660,'Mietz Cellars',387),(44661,'Milagro Vineyards',401),(44662,'Milano Family Winery',387),(44663,'Milat Vineyards Winery',387),(44664,'Miles Wine Cellars',386),(44665,'Millbrook Vineyards & Winery',386),(44666,'Mill Creek Vineyards & Winery',387),(44667,'Millenium Wines',406),(44668,'Milliaire Winery',387),(44669,'Miner Family Vineyards',387),(44670,'Minnestalgia Winery',397),(44671,'Minturn Cellars',410),(44672,'Miramonte Winery Dba Celebration Cellars',387),(44673,'Mirassou Vineyards',387),(44674,'Mission Meadow Winery',387),(44675,'Mission Mountain Winery',424),(44676,'Mitchell Katz Winery',387),(44677,'Momokawa Sake',385),(44678,'Mon Ami Historic Winery',414),(44679,'Monarch Wine Company',423),(44680,'Montage Cellars',387),(44681,'Montdomaine Cellars',388),(44682,'Monteagle Winery',404),(44683,'Monte Alegre Vineyard',399),(44684,'Mont Elise Vineyards',384),(44685,'Montelle Winery',390),(44686,'Montemaggiore',387),(44687,'Monterey Vineyard',387),(44688,'Monterra Winery',387),(44689,'Montevina Winery',387),(44690,'Monte Volpe Vineyards',387),(44691,'Montezuma Winery',386),(44692,'Monticello Vineyards',387),(44693,'Monticello Vineyards & Winery',423),(44694,'Montinore Vineyards',385),(44695,'Montmorenci Vineyards',393),(44696,'Montserrat Vineyards',390),(44697,'Moondance Cellars',387),(44698,'Moonfeathers Winery',419),(44699,'Moonlight Sparkling Wine Cellar',384),(44700,'Moonrise Bay Vineyard',408),(44701,'Moraga Vineyards',387),(44702,'Morgan Creek Vineyard',397),(44703,'Morgan Creek Vineyards',417),(44704,'Morgan Lake Cellars',385),(44705,'Morgan Winery',387),(44706,'Morovino',387),(44707,'Morrione Vineyards',417),(44708,'Mosby Winery',387),(44709,'Mosher Creek Winery',387),(44710,'Moshin Vineyards',387),(44711,'Moss Creek Winery',387),(44712,'Mountain Cove Vineyards',388),(44713,'Mountain Dome Winery',384),(44714,'Mountain Spirit Winery',410),(44715,'Mountain Valley Vineyards',404),(44716,'Mountain View',385),(44717,'Mountain View Winery',410),(44718,'Mountain Winery',387),(44719,'Mount Baker Vineyards',384),(44720,'Mount Bethel Winery',422),(44721,'Mount Eden Vineyards',387),(44722,'Mount Hope Estate Winery',391),(44723,'Mount Nittany Vineyard & Winery',391),(44724,'Mount Palomar Winery',387),(44725,'Mount Pleasant Winery',390),(44726,'Mount Tamalpais Vineyards',387),(44727,'Moyer Vineyards Winery',414),(44728,'Mt. Vernon Winery',387),(44729,'Mudd Vineyards',386),(44730,'Mueller Winery',387),(44731,'Mulholland Vineyards',387),(44732,'Mumm Cuvee Napa',387),(44733,'Murielle Winery',423),(44734,'Murphy Goode Winery',387),(44735,'Murray\'s Cyder',387),(44736,'Murrieta\'s Well Winery',387),(44737,'Mutt Lynch Winery',387),(44738,'Mystic Mountain Vineyard',385),(44739,'Nadeau Family Vintners',387),(44740,'Nagy\'s New Land Vineyard',386),(44741,'Naked Mountain Vineyards',388),(44742,'Nalle Winery',387),(44743,'Nantucket Vineyard',418),(44744,'Napa Cellars',387),(44745,'Napa Knolls Winery',387),(44746,'Napa Redwoods Estate',387),(44747,'Napa Valley Winery',387),(44748,'Napa Wine Company',387),(44749,'Nashoba Valley Winery & Brewery',418),(44750,'Nashwood Winery',394),(44751,'Nassau Valley Vineyards',428),(44752,'Native Stone Winery',390),(44753,'Native Wines',421),(44754,'Natura Vineyards & Winery',419),(44755,'Navarro Vineyards & Winery',387),(44756,'Naylor Wine Cellars',391),(44757,'Neal Family Vineyards',387),(44758,'Nehalem Bay Winery',385),(44759,'Nelson Estate',387),(44760,'Nevada City Winery',387),(44761,'New Glarus Primrose Winery',392),(44762,'New Hampshire Winery',429),(44763,'New Hope Winery',391),(44764,'New Oak Vineyards',390),(44765,'Newport Vineyards & Winery',427),(44766,'Neyers Vineyards',387),(44767,'Niagara Landing Wine Cellars',386),(44768,'Nichelini Winery',387),(44769,'Nicholas Black River Winery',403),(44770,'Nicholas-Cole Cellars',384),(44771,'Nichols Winery & Cellars',387),(44772,'Nickel & Nickel',387),(44773,'Nicolas Rolin Vineyards',385),(44774,'Niebaum-Coppola Winery',387),(44775,'Nine Gables Vineyard',387),(44776,'Nissley Vineyards',391),(44777,'Noah Vineyards',387),(44778,'Nord Estate Wines',387),(44779,'Norman Vineyards',387),(44780,'North Carolina Waldensian',408),(44781,'Northcote Vineyards',392),(44782,'North Country Apple Winery',386),(44783,'Northern Vineyards',397),(44784,'North Mountain Winery',388),(44785,'North River Winery',405),(44786,'North Salem Vineyard',386),(44787,'Northstar Winery',384),(44788,'Nota Bene Cellars',384),(44789,'Novelty Hill',384),(44790,'Novy Cellars',387),(44791,'Nua Dair',387),(44792,'Nutmeg Vineyards',415),(44793,'Nuyaka Creek Winery',419),(44794,'Oak Arbor Winery',387),(44795,'Oak Crest Winery',388),(44796,'Oakencroft Winery',388),(44797,'Oakford Vineyards',387),(44798,'Oakglenn Vineyards & Winery',390),(44799,'Oak Hills Winery And Vineyards',419),(44800,'Oak Hill Winery',402),(44801,'Oak Hollow Winery',387),(44802,'Oak Knoll Winery',385),(44803,'Oak Ridge Winery',387),(44804,'Oak Spring Winery',391),(44805,'Oakstone Winery',387),(44806,'Oakville Ranch Winery',387),(44807,'Oakwood Cellars',384),(44808,'Oakwood Cellars Winery',385),(44809,'Oasis Vineyards',388),(44810,'Obadiah Mcintyre Farm Winery',418),(44811,'Oberhof Wine Cellars',394),(44812,'Obester Winery',387),(44813,'Obrien Family Vineyard',387),(44814,'Ojai Vineyard',387),(44815,'Old Brookeville Vineyards',386),(44816,'Old Creek Ranch Winery',387),(44817,'Olde Germania Wine Cellars',386),(44818,'Olde Lockeford Winery',387),(44819,'Old Field Vineyards',386),(44820,'Old Firehouse Winery',414),(44821,'Old House Vineyards',388),(44822,'Old Millington Vineyard & Winery',404),(44823,'Old Mill Winery',414),(44824,'Old Mission Peninsula Cellars',403),(44825,'Old North State Winegrowers Cooperative',408),(44826,'Old North State Winery',408),(44827,'Old South Winery',398),(44828,'Old Stone Vineyard & Winery',408),(44829,'Old Town Winery',387),(44830,'Old Town Winery',410),(44831,'Old Wine Cellar Winery',389),(44832,'Oliver Caldwell Cellars',387),(44833,'Oliver Curtis Winery',387),(44834,'Oliver Winery',402),(44835,'Olympic Cellars Winery',384),(44836,'Onondaga Winery',386),(44837,'On The Edge Winery',387),(44838,'Opolo Vineyards',387),(44839,'Opus One Winery',387),(44840,'Orchard Country Winery',392),(44841,'Oregon Cascade Winery',385),(44842,'Oregon Hill Winery',391),(44843,'Orfila Vineyards',387),(44844,'Organic Vintages',387),(44845,'Organic Wine Works',387),(44846,'Origin Napa',387),(44847,'Orlandini Vineyards',399),(44848,'Orogeny Vineyards',387),(44849,'Orr Mountain Winery',404),(44850,'O\'Shaughnessy Winery',387),(44851,'Osocalis Winery And Distillery',387),(44852,'Osprey\'s Dominion Vineyards',386),(44853,'Ottauquechee Valley Winery',405),(44854,'Ottimino Winery',387),(44855,'Outpost Wines',387),(44856,'Owen Roe',385),(44857,'Owen Sullivan Winery',384),(44858,'Owl Creek Vineyard',399),(44859,'Owl Ridge Winery',387),(44860,'Ozeki Sake',387),(44861,'Pacheco Ranch Winery',387),(44862,'Pacific Echo Cellars',387),(44863,'Pacific Star Winery',387),(44864,'Page Cellars',384),(44865,'Page Mill Winery',387),(44866,'Pahlmeyer Winery',387),(44867,'Pahrump Valley Vineyards',431),(44868,'Painted Rocks Winery',424),(44869,'Palmeri Wines',387),(44870,'Palmer Vineyards',386),(44871,'Paloma Vineyard',387),(44872,'Palotai Vineyard',385),(44873,'Panther Creek Cellars',385),(44874,'Panther Hills Winery',419),(44875,'Paoletti Vineyards',387),(44876,'Papapietro Perry Winery',387),(44877,'Paradigm Winery',387),(44878,'Paradise Ridge Winery',387),(44879,'Paradisos Del Sol',384),(44880,'Paradocx Vineayrd',391),(44881,'Parador Cellars',387),(44882,'Paraduxx',387),(44883,'Paraiso Springs Vineyards',387),(44884,'Parducci Wine Estates',387),(44885,'Park Farm Winery',389),(44886,'Parkhill Vineyards',384),(44887,'Parma Ridge Vineyards',407),(44888,'Parmelee-Hill Vineyards',387),(44889,'Parmenter\'s Cider Mill',403),(44890,'Parry Cellars',387),(44891,'Parsonage Village Vineyard',387),(44892,'Paschal Winery',385),(44893,'Pasek Cellars',384),(44894,'Pasterick Vineyard & Winery',387),(44895,'Patit Creek Cellars',384),(44896,'Patrick M. Paul Vineyards',384),(44897,'Patton Valley Vineyards',385),(44898,'Patz & Hall',387),(44899,'Paul Hobbs Winery',387),(44900,'Paul Thomas Winery',384),(44901,'Paumanok Vineyards',386),(44902,'Pavona Wines',387),(44903,'Pax Wine Cellars',387),(44904,'Pazdar Winery',386),(44905,'Peaceful Bend Vineyards',390),(44906,'Peace Valley Winery',391),(44907,'Peachy Canyon Winery',387),(44908,'Peacock Family Vineyard',387),(44909,'Peaks Of Otter Winery',388),(44910,'Pearmund Cellars',388),(44911,'Peconic Bay Winery',386),(44912,'Pedroncelli Winery And Vineyards',387),(44913,'Peirano Estate Vineyards',387),(44914,'Peju Province Winery',387),(44915,'Pelerin Wines',387),(44916,'Pellegrini Family Vineyard',387),(44917,'Pellegrini Vineyards',386),(44918,'Pellican Ranch Winery',387),(44919,'Pena Ridge Wines',387),(44920,'Pend D\'oreille Winery',407),(44921,'Penguin Bay Winery & Champagne House',386),(44922,'Peninsula Cellars',403),(44923,'Penman Springs Vineyard',387),(44924,'Penner-Ash Wine Cellars',385),(44925,'Penn Oaks Winery',413),(44926,'Penn Shore Vineyards',391),(44927,'Pentamere Winery',403),(44928,'Pepi Winery',387),(44929,'Pepper Bridge Winery',384),(44930,'Perbacco Cellars',387),(44931,'Perdido Vineyards',417),(44932,'Perennial Vineyards',414),(44933,'Periscope Cellars',387),(44934,'Perry Bower Vineyard',385),(44935,'Perry Creek Vineyards',387),(44936,'Persimmon Creek Vineyards',416),(44937,'Pessagno Winery',387),(44938,'Peter Franus Wine Co.',387),(44939,'Peter Michael Winery',387),(44940,'Peterson & Sons Winery',403),(44941,'Peterson Winery',387),(44942,'Pezzi King Vineyards',387),(44943,'Pfendler Vineyards',387),(44944,'Pheasant Court Winery',385),(44945,'Pheasant Hollow Winery',399),(44946,'Pheasant Ridge Winery',394),(44947,'Pheasant Valley Winery',385),(44948,'Philadelphia Wine Company',391),(44949,'Philip Staley Vineyards & Winery',387),(44950,'Philo Ridge Vineyards',387),(44951,'Phoenix Vineyards',387),(44952,'Phoenix Winery & Vineyards',390),(44953,'Piasa Winery',399),(44954,'Picchetti Winery',387),(44955,'Piedmont Vineyards',388),(44956,'Piedra Creek Winery',387),(44957,'Pietra Santa Vineyards',387),(44958,'Piety Flats Winery',384),(44959,'Pikes Peak Vineyards',410),(44960,'Pillar Bluff Vineyards',394),(44961,'Pillar Rock Vineyard',387),(44962,'Pina Napa Valley',387),(44963,'Pindar Vineyards',386),(44964,'Pinder Winery',387),(44965,'Pine Ridge Winery',387),(44966,'Piney Woods Country Wines',394),(44967,'Pinnacle Ridge Winery',391),(44968,'Pioneer Winery',399),(44969,'Pipestone Vineyards',387),(44970,'Pirtle Winery',390),(44971,'Plain View Winery',419),(44972,'Plam Vineyards',387),(44973,'Pleasant Hill Winery',394),(44974,'Pleasant Valley Wine Co.',386),(44975,'Plum Creek Cellars',410),(44976,'Plumpjack Winery',387),(44977,'Plymouth Bay Winery',418),(44978,'Plymouth Colony Winery',418),(44979,'P & M Staiger',387),(44980,'Poalillo Vineyards',387),(44981,'Pointe Of View Winery',430),(44982,'Pomona Winery',399),(44983,'Ponderosa Valley Vineyards',401),(44984,'Pontchartrain Vineyards',400),(44985,'Ponte Family Estate Winery',387),(44986,'Pontin Del Roza',384),(44987,'Pontin Del Roza Winery',385),(44988,'Ponzi Vineyards',385),(44989,'Poor Richard\'s Winery',396),(44990,'Pope Valley Winery',387),(44991,'Poplar Ridge Vineyards',386),(44992,'Porter Creek Vineyards',387),(44993,'Portteus Vineyards',384),(44994,'Post Family Vineyard & Winery',422),(44995,'Poteet Country Winery',394),(44996,'Potomac Highland Winery',409),(44997,'Powers Winery',384),(44998,'Prager Winery & Portworks',387),(44999,'Prairie Berry Winery',432),(45000,'Prairie State Country Wines',399),(45001,'Preate Winery',391),(45002,'Prejean Winery',386),(45003,'Presidio Winery',387),(45004,'Presque Isle Wine Cellars',391),(45005,'Preston Premium Wines',384),(45006,'Preston Vineyards',387),(45007,'Pretty-Smith Vineyards & Winery',387),(45008,'Priam Vineyards',415),(45009,'Pride Mountain Vineyards',387),(45010,'Prime Country Winery',406),(45011,'Prince Michel Vineyards',388),(45012,'Pronghorn Vineyards',420),(45013,'Prospero Winery',386),(45014,'Pt. Reyes Vineyards',387),(45015,'Puccioni Vineyards',387),(45016,'Puesta Del Sol Vineyards',410),(45017,'Pugliese Vineyards',386),(45018,'Punk Dog Wines',387),(45019,'Pup\'s Cider Company',429),(45020,'Putney Mountain Winery',405),(45021,'Quady Winery Inc',387),(45022,'Quaker Ridge Winery',391),(45023,'Quilceda Creek Vintners',384),(45024,'Quintessa',387),(45025,'Quivira Vineyards',387),(45026,'Rabbit\'s Foot Meadery',387),(45027,'Raffaldini Vineyards And Winery',408),(45028,'Raftshol Vineyards',403),(45029,'Ragapple Lassie Vineyards',408),(45030,'Rainbow Hills Vineyards',414),(45031,'Rainbow\'s End Vineyard',387),(45032,'Ramona Vintners Cellars',387),(45033,'Rancho Aliso',387),(45034,'Rancho Sisquoc',387),(45035,'Rancho Zabaco',387),(45036,'Randall Harris',384),(45037,'Random Ridge',387),(45038,'Rapazzini Winery',387),(45039,'Raphael',386),(45040,'Rapidan River Vineyards',388),(45041,'Rappahannock Cellars',388),(45042,'Raptor Ridge Winery',385),(45043,'Rasta Ranch Vineyards',386),(45044,'Ravenswood Winery',387),(45045,'Ravines Wine Cellars',386),(45046,'Rayes Hill Vineyard & Winery',387),(45047,'Raylen Vineyards',408),(45048,'Raymond Burr Vineyards',387),(45049,'Raymond Vineyard & Cellar',387),(45050,'Ray\'s Station',387),(45051,'R&B Cellars',387),(45052,'Röbller Winery',390),(45053,'Rebec Vineyards',388),(45054,'Red Barn Winery & Vineyard',404),(45055,'Red Diamond',384),(45056,'Red Fern Cellars',386),(45057,'Redhawk Vineyard',385),(45058,'Redmon Family Vineyards',387),(45059,'Red Newt Cellars',386),(45060,'Red River Winery',394),(45061,'Red Rock Winery & Brewery',387),(45062,'Redstone Meadery',410),(45063,'Redwood Valley Cellars',387),(45064,'Red Zeppelin Winery',387),(45065,'Reeder Mesa Vineyards',410),(45066,'Regent Champagne Cellars',386),(45067,'Regusci Winery',387),(45068,'Reininger Winery',384),(45069,'Remick Ridge Vineyards',387),(45070,'Renaissance Vineyard & Winery',387),(45071,'Renault Winery',396),(45072,'Renteria Wines',387),(45073,'Renwood Winery',387),(45074,'Retzlaff Vineyards',387),(45075,'Reverie Vineyard',387),(45076,'Rex Goliath',387),(45077,'Rex Hill Vineyards',385),(45078,'Reynolds Family Winery',387),(45079,'Rezonja Wine Cellars',387),(45080,'R. H. Phillips Vineyards',387),(45081,'Ribbon Ridge Vineyard',385),(45082,'Richard Boyer Wines',387),(45083,'Richard Longoria Wines',387),(45084,'Richard Partridge Wines',387),(45085,'Richard Perry Vineyards',387),(45086,'Rich Passage Winery',384),(45087,'Rideau Vineyard',387),(45088,'Ridgeback Winery',423),(45089,'Ridge Vineyards',387),(45090,'Ridge Winery',402),(45091,'Rio Seco Vineyard',387),(45092,'Rios Lovell Winery',387),(45093,'Ristow Estate',387),(45094,'Ritchie Creek Vineyard',387),(45095,'Ritler Ridge Vineyards',408),(45096,'Rivendell Winery',386),(45097,'River Grove Winery',387),(45098,'River Ranch Vineyards',387),(45099,'River Ridge Winery',390),(45100,'River Road Vineyards',387),(45101,'River Run Vintners',387),(45102,'River\'s Edge Winery',385),(45103,'Roane Vineyards',409),(45104,'Roanoke Vineyards',386),(45105,'Roanoke Vineyards',386),(45106,'Roberian Vineyards',386),(45107,'Robert Bartunek Winery',419),(45108,'Robert Biale Vineyards',387),(45109,'Robert Craig Wine Cellars',387),(45110,'Robert Foley Vineyards',387),(45111,'Robert F. Pilska Winery',409),(45112,'Robert Hall Winery',387),(45113,'Robert Karl Cellars',384),(45114,'Robert Keenan Winery',387),(45115,'Robert Mondavi Winery',387),(45116,'Robert Pecota Winery',387),(45117,'Robert Rue Vineyard',387),(45118,'Robert Sinskey Vineyards',387),(45119,'Robert Stemmler Winery',387),(45120,'Robert Talbott Vineyards',387),(45121,'Robert Young Estate Winery',387),(45122,'Robledo Family Winery',387),(45123,'Rocca Family Vineyards',387),(45124,'Roche Winery',387),(45125,'Rockblock Cellars',385),(45126,'Rockbridge Vineyard',388),(45127,'Rockhouse Vineyards',408),(45128,'Rocking Horse Winery',387),(45129,'Rockledge Vineyards',387),(45130,'Rock Stream Vineyards',386),(45131,'Rocky Hill Winery',410),(45132,'Rocky Mountain Meadery',410),(45133,'Roderer Estate',387),(45134,'Rodney Strong Vineyards',387),(45135,'Roessler Cellars',387),(45136,'Rogers Ford Farm Winery',388),(45137,'Rolling Hills Vineyard & Winery',411),(45138,'Rolling Hills Winery',424),(45139,'Rombauer Vineyards',387),(45140,'Rooster Hill Vineyards',386),(45141,'Rosa Fiorelli Winery',423),(45142,'Rosati Winery',390),(45143,'Rose Bank Winery',391),(45144,'Rosenblum Cellars',387),(45145,'Rosenthal-the Malibu Estate',387),(45146,'Rose River Vineyards',388),(45147,'Roshamabo Winery',387),(45148,'Ross Andrew Winery',384),(45149,'Ross Vineyards',387),(45150,'Rotta Winery',387),(45151,'Roudon-Smith Vineyards',387),(45152,'Round Barn Winery',403),(45153,'Round Hill Vineyards',387),(45154,'Round Peak Vineyards',408),(45155,'Rowland Cellars',387),(45156,'Roxyann Winery',385),(45157,'Royal Kedem Winery',386),(45158,'Royal Oaks Winery',387),(45159,'Royal Ravenna Vineyards & Winery',394),(45160,'R. Stuart & Company',385),(45161,'Rubissow Sargent Winery',387),(45162,'Rulo Winery',384),(45163,'Running Springs',385),(45164,'Rusack Vineyards',387),(45165,'Rushland Ridge Vineyards',391),(45166,'Rusina Wines',387),(45167,'Russell Creek Winery',384),(45168,'Russian Hill Estate Winery',387),(45169,'Rust Ridge Winery',387),(45170,'Rutherford Grove Winery',387),(45171,'Rutherford Hill Winery',387),(45172,'Rutherford Oaks Winery',387),(45173,'Rutherford Ranch',387),(45174,'Rutz Cellars',387),(45175,'Ryan Patrick Vineyards',384),(45176,'Saba Tej (organic Honey Wine) Co.',396),(45177,'Sable Ridge Vineyards',387),(45178,'Saddleback Cellars',387),(45179,'Saddlerock Vineyards',387),(45180,'Saga Vineyards',385),(45181,'Sagelands Vineyard',384),(45182,'Sagpond Vineyards',386),(45183,'Sailing Horse Vineyards and Winery',419),(45184,'Saint Croix Vineyards',397),(45185,'Sainte Genevieve Winery',390),(45186,'Saint Laurent Winery',384),(45187,'Saintpaulia Vintners',384),(45188,'Saintsbury',387),(45189,'Sakonnet Vineyards',427),(45190,'Salamandre Wine Cellars',387),(45191,'Salem Hills Vineyard',385),(45192,'Salishan Vineyards',384),(45193,'Salmon Harbor',384),(45194,'Salvestrin Vineyard And Wine Co.',387),(45195,'Salzburg Winery',403),(45196,'Samish Island Winery',384),(45197,'Samson Estates Winery',384),(45198,'San Antonio Winery',387),(45199,'Sand Castle Winery',391),(45200,'S. Anderson Vineyard',387),(45201,'S. Anderson Vineyard',387),(45202,'Sandhill Crane Vineyards',403),(45203,'Sand Hill Vineyard',414),(45204,'Sandhill Winery',384),(45205,'Sandia Shadows Vineyard',401),(45206,'San Dominique Winery',420),(45207,'Sandstone Vineyards',407),(45208,'Sandstone Winery',389),(45209,'San Felipe Winery',401),(45210,'Sanford Winery',387),(45211,'San Juan Cellars',384),(45212,'San Juan Vineyards',384),(45213,'San Marcos Creek Vineyard',387),(45214,'San Martiño Winery & Vineyards',394),(45215,'San Pasqual Winery',387),(45216,'San Saba Vineyards',387),(45217,'San Sano Vineyards',413),(45218,'San Sebastian Winery',423),(45219,'Santa Barbara Winery',387),(45220,'Santa Cruz Mountain Vineyard',387),(45221,'Santa Fe Vineyards',401),(45222,'Santa Rita Cellars',401),(45223,'Sapphire Hill',387),(45224,'Sarah Powell Wines',385),(45225,'Sarah\'s Vineyard',387),(45226,'Sargon Vineyard',386),(45227,'Satek Winery',402),(45228,'Saucelito Canyon Vineyards',387),(45229,'Sausal Winery',387),(45230,'Savannah Chanelle Vineyards',387),(45231,'Savannah Oaks Winery',404),(45232,'Saviah Cellars',384),(45233,'Saviez Vineyards',387),(45234,'Sawtooth Winery',407),(45235,'Sawyer Cellars',387),(45236,'Saxon Brown',387),(45237,'Scenic Valley',397),(45238,'Schaefer Sonoma Vineyards & Winery',387),(45239,'Scheid Vineyards',387),(45240,'Scherrer Winery',387),(45241,'Schloss Doepken Winery',386),(45242,'Schneider Vineyards',386),(45243,'Schorr Lake Vineyards',399),(45244,'Schrader Cellars',387),(45245,'Schramsberg Vineyards',387),(45246,'Schuetz Oles Winery',387),(45247,'Schug Carneros Estate Winery',387),(45248,'Schwaesdall Winery',387),(45249,'Schweiger Vineyards',387),(45250,'Scott Harvey Wines',387),(45251,'Scott Paul Wines',385),(45252,'Screaming Eagle Winery & Vineyards',387),(45253,'Scribner Bend Vineyards',387),(45254,'SeaBreeze Winery',423),(45255,'Seasmoke Cellars',387),(45256,'Seavey Vineyard',387),(45257,'Sebastiani',387),(45258,'Sebastiani And Sons',387),(45259,'Sebastopol Vineyards',387),(45260,'Secret House Vineyards',385),(45261,'Secret Ravine Vineyard & Winery',387),(45262,'Seghesio Family Vineyards',387),(45263,'Seia Wine Cellars',384),(45264,'Selah Heights Winery',384),(45265,'Selby Winery',387),(45266,'Selene Wines',387),(45267,'Seminary Winery',399),(45268,'Seneca Shore Wine Cellars',386),(45269,'Sequoia Grove Vineyards',387),(45270,'Seth Ryan Winery',384),(45271,'Seufert Winery',385),(45272,'Seven Hills Winery',384),(45273,'Seven Valleys Winery',391),(45274,'Shade Mountain Winery',391),(45275,'Shadey Lake Winery',402),(45276,'Shadow Canyon Vineyard',387),(45277,'Shadow Mountain Vineyard',387),(45278,'Shady Lane Cellars',403),(45279,'Shafer Vineyard Cellars',385),(45280,'Shafer Vineyards',387),(45281,'Shalestone Vineyards',386),(45282,'Shallon Winery',385),(45283,'Shamrock Vineyards',414),(45284,'Sharp Cellars',387),(45285,'Sharpe Hill Vineyard',415),(45286,'Sharp Rock Vineyards',388),(45287,'Shawnee Springs Winery',414),(45288,'Shawnee Winery',399),(45289,'Shea Wine Cellars',385),(45290,'Shelburne Vineyard',405),(45291,'Sheldrake Point Vineyard',386),(45292,'Shelton Vineyards',408),(45293,'Shenandoah Vineyards',387),(45294,'Shenandoah Vineyards',388),(45295,'Sheridan Vineyard',384),(45296,'Sherwin Family Vineyards',387),(45297,'Sherwood House Vineyards',386),(45298,'Shinn Estate Vineyards',386),(45299,'Showket Vineyard',387),(45300,'Shypoke Winery',387),(45301,'Siduri Wines',387),(45302,'Sierra Knolls Winery',387),(45303,'Sierra Starr Vineyard & Winery',387),(45304,'Sierra Vista Winery',387),(45305,'Signal Ridge',387),(45306,'Signorello Vineyards',387),(45307,'Signore Winery',386),(45308,'Silkhope Winery',408),(45309,'Silvan Ridge',385),(45310,'Silverado Vineyards',387),(45311,'Silver Coast Winery',408),(45312,'Silver Decoy Winery',396),(45313,'Silver Fox Vineyards',387),(45314,'Silver Lake Winery',384),(45315,'Silver Mountain Vineyards',387),(45316,'Silver Nail Vineyards',386),(45317,'Silver Oak Wine Cellars',387),(45318,'Silver Rose Cellars',387),(45319,'Silversmith Vineyards',387),(45320,'Silver Springs Winery',386),(45321,'Silver Stone Wines',387),(45322,'Silver Thread Vineyard',386),(45323,'Simi Winery',387),(45324,'Simmons Winery',402),(45325,'Simon Creek Vineyard & Winery',392),(45326,'Sineann Cellars',385),(45327,'Singing Water Vineyards',394),(45328,'Single Leaf Winery',387),(45329,'Sisneros-Tores Winery',401),(45330,'Sister Creek Vineyards',394),(45331,'Six Hands Winery',387),(45332,'Six Mile Creek',386),(45333,'Six Sigma Winery',387),(45334,'Sjoeblom Winery',387),(45335,'Skewis Wines',387),(45336,'Sky River Meadery',384),(45337,'Sky Vineyards',387),(45338,'Slate Run Vineyard',414),(45339,'Smith-Berry Winery',411),(45340,'Smithbridge Cellars',391),(45341,'Smith & Hook',387),(45342,'Smith-Madrone Vineyards & Winery',387),(45343,'Smokehouse Winery',388),(45344,'Smokey Hill Vineyards & Winery',425),(45345,'Smokey Mountain Winery',404),(45346,'Smothers Winery',387),(45347,'Snake River Winery',407),(45348,'Snoqualmie Vineyards',384),(45349,'Snow Farm Winery',405),(45350,'Snowmass Creek Winery',410),(45351,'Soaring Wings Vineyard',406),(45352,'Sobon Estate',387),(45353,'Sogno Winery',387),(45354,'Sokol Blosser Vineyards',385),(45355,'Solera',385),(45356,'Solis Winery',387),(45357,'Solitude Wines',387),(45358,'Solomons Island Winery',413),(45359,'Sonoita Vineyards',420),(45360,'Sonoma Creek Winery',387),(45361,'Sonoma-Cutrer Vineyards',387),(45362,'Sonoma-Loeb Wines',387),(45363,'Sonoma Valley Port Works',387),(45364,'Sonora Winery & Port Works',387),(45365,'Soos Creek Wine Cellars',384),(45366,'Soquel Vineyards',387),(45367,'Sorensen Cellars',384),(45368,'South Coast Winery',387),(45369,'South River Vineyard',414),(45370,'Sow\'s Ear Winery',412),(45371,'Spanish Valley Vineyards & Winery',421),(45372,'Sparks Vineyard & Winery',419),(45373,'Sparrow Lane Winery',387),(45374,'Spelletich Cellars',387),(45375,'Spencer-Roloson',387),(45376,'Spero Winery',410),(45377,'Spicewood Vineyards',394),(45378,'Spirit Knob Winery',399),(45379,'Split Rail Vineyard',416),(45380,'Spotted Tavern Winery',388),(45381,'Spottswoode Winery',387),(45382,'Springer\'s Creek Winery',399),(45383,'Springhill Cellars',385),(45384,'Springhill Winery & Plantation Bed & Breakfast',411),(45385,'Spring Mountain Vineyard',387),(45386,'Spring Pond Vineyards & Winery',399),(45387,'Spring Valley Vineyard',384),(45388,'Spurgeon Vineyards',392),(45389,'S. Rhodes Vineyards',410),(45390,'Stableridge Vineyards & Winery',419),(45391,'Stag Hollow Wines & Vineyard',385),(45392,'Staglin Family Vineyard',387),(45393,'Stag\'s Leap Wine Cellars',387),(45394,'Stags\' Leap Winery',387),(45395,'St. Amant Winery',400),(45396,'Standing Stone Vineyards',386),(45397,'Stangeland Vineyards',385),(45398,'Stargazers Vineyard',391),(45399,'Star Hill Winery',387),(45400,'Starlight Vineyards & Winery',394),(45401,'Starr & Brown Winery',385),(45402,'Starr Hill Vineyard & Winery',391),(45403,'Starry Night Winery',387),(45404,'St. Clair Winery',401),(45405,'St. Clement Vineyards',387),(45406,'Steamboat Springs Cellars',410),(45407,'Steamboat Springs Cellars',410),(45408,'Ste. Chapelle Winery',407),(45409,'Steele Wines',387),(45410,'Stefan Daniels Cellars',387),(45411,'Ste. Genevieve Wines',394),(45412,'Steltzner Vineyards',387),(45413,'Stephen Ross Wine Cellars',387),(45414,'Stephen\'s Cellar',387),(45415,'Sterling Vineyards',387),(45416,'Steven Kent Winery',387),(45417,'Stevenot Winery',387),(45418,'Stevenson-Barrie Cellars',385),(45419,'Stever Hill Vineyards',386),(45420,'Stewart Cellars',387),(45421,'St. Francis Vineyards & Winery',387),(45422,'St. George Spirits',387),(45423,'St. Hilaire Cellars',384),(45424,'Stiengtunt Vineyards And Winery',399),(45425,'Stillhouse Vineyards',388),(45426,'Still Pond Vineyard & Winery',416),(45427,'Stillwater Vineyards',387),(45428,'Stimson Lane Estates',384),(45429,'St. Innocent Winery',385),(45430,'St. James Spirits',387),(45431,'St. James Winery',390),(45432,'St. Josef\'s Wine Cellar',385),(45433,'St. Joseph Vineyard',414),(45434,'St. Julian Wine Company',403),(45435,'St. Kathryn Cellars',410),(45436,'Stolpman Vineyards',387),(45437,'Stoneage Winery',386),(45438,'Stone Bluff Cellars Winery',419),(45439,'Stone Cliff Winery',389),(45440,'Stone Cottage Cellars',410),(45441,'Stone Creek Winery',387),(45442,'Stonegate Winery',387),(45443,'Stonehaus Farms Winery',390),(45444,'Stonehaus Winery',404),(45445,'Stoneheath Winery',387),(45446,'Stonehedge Winery',387),(45447,'Stone Hill Winery',390),(45448,'Stone Mountain Vineyard',388),(45449,'Stone\'s Throw Winery',392),(45450,'Stonestreet Winery',387),(45451,'Stone Villa Wine Cellars',391),(45452,'Stonewall Vineyard',388),(45453,'Stone Wolf Vineyards',385),(45454,'Stoney Acres Winery',391),(45455,'Stoney Mesa Winery',410),(45456,'Stoney Ridge Winery',414),(45457,'Stonington Vineyards',415),(45458,'Stony Hill Vineyard',387),(45459,'Stony Knoll Vineyard',408),(45460,'Stony Mountain Vineyard',408),(45461,'Stony Ridge Winery',387),(45462,'Storrs Winery',387),(45463,'Storybook Mountain Vineyards',387),(45464,'Story Winery',387),(45465,'Stovers Family Vineyard',411),(45466,'Striker\'s Premium Winery',404),(45467,'Stringer\'s Orchard',387),(45468,'Stryker Sonoma Winery',387),(45469,'St. Supery Vineyards & Winery',387),(45470,'Stuart Cellars',387),(45471,'Stuhlmuller Vineyards',387),(45472,'Sugar Creek Winery',390),(45473,'Sugar Grove Vineyards And Gatheringplace',389),(45474,'Sugarloaf Crossing',387),(45475,'Sullivan Birney Winery & Vineyards',387),(45476,'Sullivan Vineyards',387),(45477,'Summerset Winery',389),(45478,'Summerside Vineyards & Winery',419),(45479,'Summers Ranch',387),(45480,'Summers Winery',387),(45481,'Summerwood Winery & Inn',387),(45482,'Summit Lake Winery',390),(45483,'Summitt Lake Vineyards & Winery',387),(45484,'Summum',421),(45485,'Sumner Crest Winery',404),(45486,'Sunce\' Winery',387),(45487,'Sunset Cellars',387),(45488,'Sunset Winery',394),(45489,'Sunstone Vineyards & Winery',387),(45490,'Surface Creek Winery',410),(45491,'Susquehanna Valley Winery',391),(45492,'Sutcliffe Vineyards / Mcelmo Canyon Wines',410),(45493,'Sutter Home Winery',387),(45494,'Sutter Ridge Vineyards',387),(45495,'Su Vino Winery',394),(45496,'Swanson Vineyards',387),(45497,'Swedenburg Estate Vineyard',388),(45498,'Swedish Hill Vineyard',386),(45499,'Swiss Heritage Winery',414),(45500,'Switchback Ridge',387),(45501,'Sylvester Winery',387),(45502,'Sylvin Farms',396),(45503,'Syncline Wine Cellars',384),(45504,'Tablas Creek Vineyard',387),(45505,'Tabor Hill Winery',403),(45506,'Tabor Home Vineyards & Winery',389),(45507,'Taft Street Winery',387),(45508,'Tagaris Winery',384),(45509,'Tahoe Ridge Vineyards & Winery',431),(45510,'Takara Sake',387),(45511,'Talley Vineyards',387),(45512,'Talon Winery And Vineyards',411),(45513,'Talty Vineyards',387),(45514,'Talus Cellars',387),(45515,'Tamás Estates',387),(45516,'Tamanend Winery',391),(45517,'Tamarack Cellars',384),(45518,'Tamuzza Vineyards',396),(45519,'Tan Childs Winery',386),(45520,'Tandem Winery',387),(45521,'Tanjuli Winery',384),(45522,'Tantalus Winery',387),(45523,'Tantara Winery',387),(45524,'Tapteil Vineyard',385),(45525,'Tapteil Vineyard Winery',384),(45526,'Tara Bella Winery & Vineyards',387),(45527,'Tarara Vineyards & Winery',388),(45528,'Tarius Wines',387),(45529,'Tarsitano Winery',414),(45530,'Tartan Hill Winery',403),(45531,'Taurian Vineyards',387),(45532,'Taylor Brooke Winery',415),(45533,'Taylor Family Vineyards',387),(45534,'Taylor Wine Company',387),(45535,'Taz',387),(45536,'Tefft Cellars',384),(45537,'Tehuacana Creek Vineyards',394),(45538,'Tempest Vineyards',385),(45539,'Tenba Ridge Winery',392),(45540,'Tennessee Mountain View Winery',404),(45541,'Tennessee Valley Winery',404),(45542,'Tenuta Vineyards',387),(45543,'Ternhaven Cellars',386),(45544,'Terra Blanca',384),(45545,'Terra Cotta Vineyards',414),(45546,'Terra Nativa',407),(45547,'Terra Valentine',387),(45548,'Terre Vin Winery',402),(45549,'Terroir Napa Valley',387),(45550,'Terror Creek Winery',410),(45551,'Terry Ranch Cellars',433),(45552,'Testarossa Vineyards',387),(45553,'Texas Hills Vineyard',394),(45554,'The Georgia Winery',416),(45555,'The Hess Collection Winery',387),(45556,'The Lakehouse Inn Winery',414),(45557,'The Monterey Vineyard',387),(45558,'The Teensy Winery',408),(45559,'The Winery At Eagle Knoll',407),(45560,'The Winery At Holy Cross Abbey',410),(45561,'Thirsty Owl Wine Company',386),(45562,'Thistle Meadow Winery',408),(45563,'Thomas Coyne Winery',387),(45564,'Thomas Family Winery',402),(45565,'Thomas Fogarty Winery',387),(45566,'Thornhill Vineyards',390),(45567,'Thoroughbred Vintners',402),(45568,'Thorpe Vineyard',386),(45569,'Three Lakes Winery',392),(45570,'Three Oaks Winery',423),(45571,'Three Rivers Winery',384),(45572,'Three Sisters Vineyards',416),(45573,'Thumbprint Cellars',387),(45574,'Thunder Mountain',387),(45575,'Thurow Vineyards',387),(45576,'Thurston Wolfe Winery',385),(45577,'Tickle Hill Winery',386),(45578,'Tidal School Vineyards',419),(45579,'Tiger Mountain Vineyards',416),(45580,'Timber Hill Winery',389),(45581,'Timber Rock Winery',407),(45582,'Tin Barn Vineyards',387),(45583,'Tin House Winery',387),(45584,'Titus Vineyards',387),(45585,'TKC Vineyards',387),(45586,'Toad Hollow Vineyards',387),(45587,'Tobin James Cellars',387),(45588,'Tolosa Winery',387),(45589,'Tomahawk Mill Winery',388),(45590,'Tomasello Winery',396),(45591,'Tom Eddy',387),(45592,'Topel Winery',387),(45593,'Topolos At Russian River',387),(45594,'Torii Mor Winery',385),(45595,'Torrey Ridge Winery',386),(45596,'Tortoise Creek Wines',410),(45597,'Tower Rock Winery',390),(45598,'Townshend Cellar',384),(45599,'Trail Creek Winery',424),(45600,'Trail Ridge Winery',410),(45601,'Treana Winery',387),(45602,'Trefethen Vineyards & Winery',387),(45603,'Treleaven / King Ferry Winery',386),(45604,'Trentadue Winery',387),(45605,'Tres Suenos',419),(45606,'Trey Marie Winery',384),(45607,'Trinity Oaks',387),(45608,'Triple R Ranch Winery',394),(45609,'Tri-Star Vineyards',404),(45610,'Troon Vineyard',385),(45611,'Trout Gulch Vineyards',387),(45612,'Troutman Vineyards',414),(45613,'Trout Springs Winery',392),(45614,'Truchard Vineyards',387),(45615,'Truluck Vineyards',393),(45616,'Truro Vineyards Of Cape Cod',418),(45617,'Tsillan Cellars',384),(45618,'Tualatin Vineyards',385),(45619,'Tucker Cellars',384),(45620,'Tularosa Vineyards',401),(45621,'Tulip Hill Winery & Vineyards',387),(45622,'Tulocay Winery',387),(45623,'Turdo Vineyards',396),(45624,'Turkey Creek Vineyards',419),(45625,'Turley Wine Cellars',387),(45626,'Turnbull Wine Cellars',387),(45627,'Turtle Run Winery',402),(45628,'Twin Brook Winery',391),(45629,'Twin Oaks Valley Vintners',387),(45630,'Twin Rivers Vineyard & Winery',425),(45631,'Twisted Oak Winery',387),(45632,'Twomey Cellars',387),(45633,'Two Mountain Winery',385),(45634,'Two Rivers Winery',410),(45635,'Tyee Wine Cellars',385),(45636,'Uncle John\'s Fruit House Winery',403),(45637,'Unicorn Winery',388),(45638,'Unionville Vineyards',396),(45639,'Unti Vineyards',387),(45640,'Vahling Vineyards',399),(45641,'Va La Vineyards',391),(45642,'Valentine Sagefield Vineyards',393),(45643,'Valentino Vineyards',399),(45644,'Valenzano Winery',396),(45645,'Valhalla Vineyards',388),(45646,'Valiant Vineyards / Buffalo Run Winery',432),(45647,'Valley Of The Moon Winery',387),(45648,'Valley Of The Wind Winery',410),(45649,'Valley View Winery',385),(45650,'Valley Vineyards Estate Winery',414),(45651,'Val Verde Winery',394),(45652,'Van Der Heyden Vineyards & Winery',387),(45653,'Van Duzer Wines',385),(45654,'Van Enoo Vineyards & Winery',387),(45655,'Van Roekel Vineyard & Winery',387),(45656,'Van Ruiten-Taylor Winery',387),(45657,'Varner Wine',387),(45658,'Vashon Winery',384),(45659,'Vasquez Vineyard & Winery',394),(45660,'Venezio Vineyards & Winery',387),(45661,'Ventana Vineyards',387),(45662,'Ventosa Vineyards',386),(45663,'Venus Vineyards',387),(45664,'Veramar Vineyard',388),(45665,'Veritas Winery',388),(45666,'Verite Winery',387),(45667,'Vetro Winery',392),(45668,'Vetter Vineyards Winery',386),(45669,'Viader Vineyards',387),(45670,'Viansa Winery And Italian Marketplace',387),(45671,'Vichon Winery',387),(45672,'Vickers Vineyards',407),(45673,'Victor Hugo Winery',387),(45674,'Viento Wines',385),(45675,'Viking Vineyards',414),(45676,'Villa Antonio Winery',390),(45677,'Villa Appalaccia Winery',388),(45678,'Villa Bellangelo',386),(45679,'Villa Creek Cellars',387),(45680,'Village Of Elgin Winery',420),(45681,'Village Vintner',389),(45682,'Village Winery',389),(45683,'Villa Helena Winery',387),(45684,'Villa Milan Vineyard',402),(45685,'Villa Mt. Eden',387),(45686,'Villa Toscano',387),(45687,'Villicana Winery',387),(45688,'Vina Robles',387),(45689,'Vincent Arroyo Winery',387),(45690,'Vin De Tevis',387),(45691,'Vine2wine Of Northville',403),(45692,'Vine Cliff Winery',387),(45693,'Vineheart Winery',385),(45694,'Vinetree Farm Winery',402),(45695,'Vineyard 29',387),(45696,'Vineyard 48',386),(45697,'Vineyard 7 & 8',387),(45698,'Vineyard At Strawberry Ridge',415),(45699,'Vineyard By Mellon',391),(45700,'Vinoce Vineyards',387),(45701,'Vino Con Brio',387),(45702,'Vinoklet Winery',414),(45703,'Vino Noceto',387),(45704,'Vinum Cellars',387),(45705,'Virant Family Winery',414),(45706,'Vision Cellars',387),(45707,'Vista Del Rey Vineyards',387),(45708,'Vivac Winery',401),(45709,'Viviani Vineards',387),(45710,'Volcano Vineyards',385),(45711,'Volcano Winery',426),(45712,'Volker Eisele Vineyard',387),(45713,'Von Jakob Vineyard',399),(45714,'Von Klaus Winery',392),(45715,'Von Stiehl Winery',392),(45716,'Von Strasser Winery',387),(45717,'Voss Vineyards',387),(45718,'V. Sattui Winery',387),(45719,'Vynecrest Winery',391),(45720,'Wagner Vineyards',386),(45721,'Waldensian Heritage Wines',408),(45722,'Wales Manor',394),(45723,'Wales Manor Vineyard & Winery',394),(45724,'Walker Station Vineyards',387),(45725,'Walla Walla Vintners',384),(45726,'Walnut City Wineworks',385),(45727,'Walnut City Wine Works',385),(45728,'Walnut Cove Vineyards',408),(45729,'Walter Hansel Winery & Vineyards',387),(45730,'Wapato Point Cellars',384),(45731,'Warm Lake Estate Vineyard And Winery',386),(45732,'Warner Vineyards',403),(45733,'Warwick Valley Winery & Distillery',386),(45734,'Washington Hills Cellars',384),(45735,'Wasson Brothers Winery',385),(45736,'Waterbrook Winery',384),(45737,'Waterloo Winery',399),(45738,'Waters Crest Winery',386),(45739,'Wattle Creek Winery',387),(45740,'Watts Winery',387),(45741,'Waving Tree Winery',384),(45742,'Wedell Cellars',387),(45743,'Wedge Mountain Winery',384),(45744,'Weggy Winery',392),(45745,'Weibel Vineyards',387),(45746,'Weisinger\'s Of Ashland Vineyard & Winery',385),(45747,'Wellington Vineyards',387),(45748,'Wente Vineyards',387),(45749,'Wenwood Farm Winery',390),(45750,'Wermuth Winery',387),(45751,'Wesmar Winery',387),(45752,'Westbend Vineyards',408),(45753,'Westberg Cellars',387),(45754,'Westbrook Wine Farm',387),(45755,'Westcott Bay Orchards',384),(45756,'West County Winery & Ciders',418),(45757,'Westfall Winery',396),(45758,'Westhanover Winery',391),(45759,'Weston Winery',407),(45760,'Westover Vineyards',387),(45761,'Westpark Wine Cellars',386),(45762,'Westport Rivers Vineyard & Winery',418),(45763,'Westry Wines',385),(45764,'West-Whitehill Winery',409),(45765,'Westwood Winery',387),(45766,'Whaler Vineyards',387),(45767,'Whidbey Island Winery',384),(45768,'Whiskey Run Creek Winery',406),(45769,'Whispering Hills Vineyards',389),(45770,'Whispering Oaks Vineyard & Winery',390),(45771,'Whispering Peak Vineyards',420),(45772,'Whistling Ridge Vineyard',385),(45773,'Whitcraft Winery',387),(45774,'Whitecliff Winery',386),(45775,'White Cottage Ranch',387),(45776,'White Crane Winery',387),(45777,'Whitehall Lane Winery',387),(45778,'White Hall Vineyards',388),(45779,'White Heron Cellars',384),(45780,'White Lie',387),(45781,'White Oak Vineyards',417),(45782,'White Oak Vineyards & Winery',387),(45783,'White Owl Winery',399),(45784,'White Rock Vineyards',387),(45785,'White Silo Farm & Winery',415),(45786,'White Winter Winery',392),(45787,'Whitman Cellars',384),(45788,'Whitmore Wine Company',387),(45789,'Wichita Falls Vineyards & Winery',394),(45790,'Widgeon Hill Winery',384),(45791,'Widmer\'s Wine Cellars',386),(45792,'Wiederkehr Wine Cellars',422),(45793,'Wiens Cellars',387),(45794,'Wild Blossom Meadery',399),(45795,'Wild Hog Vineyard',387),(45796,'Wild Horse Winery',387),(45797,'Wildhurst Vineyards',387),(45798,'Wild Rose Vineyard',385),(45799,'Wild Rose Vineyards',387),(45800,'Wild Winds Winery',385),(45801,'Wilhelm Winery',391),(45802,'Willakenzie Estate',385),(45803,'Willamette Valley Vineyards',385),(45804,'William Cooper Winery',421),(45805,'William Hill Winery',387),(45806,'Williamsburg Winery',388),(45807,'Williams-Selyem Winery',387),(45808,'Willmon Vineyards / Wines Of New Mexico',401),(45809,'Willow Creek Winery',386),(45810,'Willow Crest Winery',385),(45811,'Willowcroft Farm Vineyards',388),(45812,'Willow Hill Vineyards',414),(45813,'Willow Vineyards',403),(45814,'Wills Creek Vineyards',417),(45815,'Wilridge Winery',384),(45816,'Wilson Creek Winery',387),(45817,'Wilson Vineyards',387),(45818,'Wilson Winery',402),(45819,'Wilson Winery',387),(45820,'Wimberley Valley Wines',394),(45821,'Windemere Winery',387),(45822,'Windgate Vineyards',391),(45823,'Windham Winery',388),(45824,'Windmill Winery',419),(45825,'Wind River Cellars',384),(45826,'Wind River Winery',389),(45827,'Windsor Oaks Vineyards',387),(45828,'Windsor Vineyards',387),(45829,'Windswept Winery',425),(45830,'Windwalker Vineyard',387),(45831,'Windward Vineyard',387),(45832,'Windy Gap Vineyards',408),(45833,'Windy Hill Winery',394),(45834,'Windy Knoll Winery',402),(45835,'Windy Oaks Estate',387),(45836,'Windy Point Vineyards',385),(45837,'Wine By Joe',385),(45838,'Wineglass Cellars',385),(45839,'Winehaven Winery & Vineyard',397),(45840,'Wine Kradel',391),(45841,'Winery At Iron Gate Farm',408),(45842,'Winery At Raven\'s Glenn',414),(45843,'Winery At Versailles',414),(45844,'Winery At Wilcox',391),(45845,'Winery At Wolf Creek',414),(45846,'Winery Of The Little Hills',390),(45847,'Wing Canyon Vineyard',387),(45848,'Winghill Vineyard & Winery',399),(45849,'Wintergreen Winery',388),(45850,'Winterport Winery',412),(45851,'Winzerwald Winery',402),(45852,'Witch Creek Winery',387),(45853,'Witness Tree Vineyard',385),(45854,'Wm. Graystone Winery',414),(45855,'Woffard Acres Vineyards',387),(45856,'Wolf Creek Winery',409),(45857,'Wolffer Estate Vineyards & Stables',386),(45858,'Wolff Vineyards',387),(45859,'Wolf Mountain Vineyards',416),(45860,'Wollersheim Winery',392),(45861,'Woodbridge Winery',387),(45862,'Woodbury Vineyards',386),(45863,'Woodbury Vineyards',386),(45864,'Wooden Valley Winery',387),(45865,'Wood Family Vineyards',387),(45866,'Woodhall Wine Cellars',413),(45867,'Woodinville Wine Company',384),(45868,'Woodland Park Vineyards',419),(45869,'Woodland Trail Winery',392),(45870,'Woodland Vineyard',388),(45871,'Woodrose Winery And Retreat',394),(45872,'Woodside Vineyards',387),(45873,'Woodstone Creek Winery & Boutique Distillery',414),(45874,'Woods & Waters Winery',419),(45875,'Woodward Canyon Winery',384),(45876,'Work Vineyard',387),(45877,'Wright Wine Works',391),(45878,'Wyldewood Cellars Winery',425),(45879,'Wyncroft Wines',403),(45880,'Wyoming Wine',433),(45881,'X Winery',387),(45882,'Yakima Cellars',385),(45883,'Yakima River Winery',385),(45884,'Yamhill Valley Vineyards',385),(45885,'Yates Cellars',386),(45886,'Yellow Hawk Cellar',384),(45887,'Yoakim Bridge Vineyards & Winery',387),(45888,'York Mountain Winery',387),(45889,'Yorkville Cellars',387),(45890,'Youngberg Hill Vineyards',385),(45891,'Young Ridge Winery',387),(45892,'Zaca Mesa Winery',387),(45893,'Zafarana Vineyards',403),(45894,'Zahtila Vineyards',387),(45895,'Zayante Vineyard',387),(45896,'ZD Wines',387),(45897,'Zefina Winery',384),(45898,'Zelko',385),(45899,'Zenaida Cellars',387),(45900,'Zin Alley',387),(45901,'Zingaro Vineyards',387),(45902,'Zucca Mountain Vineyards',387),(47097,'Apsley Gorge Vineyard',434),(47098,'Barringwood Park',435),(47099,'Bellingham Vineyard',434),(47100,'Bream Creek Vineyard',434),(47101,'Brook Eden Vineyard',435),(47102,'Buchanan',436),(47103,'Bundaleera Vineyard',435),(47104,'Chalmers Winery',435),(47105,'Charles Reuben Estate',435),(47106,'Cliffhouse Vineyard',434),(47107,'Clover Hill Vineyard',434),(47108,'Coal Valley Vineyard',435),(47109,'Colmaur Tasmania',434),(47110,'Coombend Estate',435),(47111,'Craigie Knowe Vineyard',434),(47112,'Crosswinds Vineyard',435),(47113,'Dalrymple Vineyards',435),(47114,'Delamere',436),(47115,'Derwent Estate Vineyard',435),(47116,'Domaine A',434),(47117,'East Arm Vineyard',434),(47118,'Elmslie Wines',436),(47119,'Elsewhere Vineyard',434),(47120,'Freycinet Vineyard',434),(47121,'Geebin Vineyard',435),(47122,'Ghost Rock Vineyard',437),(47123,'Glen Ayr',434),(47124,'Golders Vineyard',435),(47125,'Grey Sands Vineyard',438),(47126,'Hartzview Vineyard',435),(47127,'Hawley Vineyards',437),(47128,'Heemskerk',436),(47129,'Herons Rise Vineyard',435),(47130,'Hillwood Vineyard',434),(47131,'Holm Oak',436),(47132,'Home Hill Wines',435),(47133,'Hood Wines',439),(47134,'House of Arras',435),(47135,'Iron Pot Bay Wines',436),(47136,'Kinvarra Estate',435),(47137,'Kraanwood',434),(47138,'La Provence Vineyards',436),(47139,'Lake Barrington Estate Vineyard',434),(47140,'Lalla Gully Vineyard',435),(47141,'Laurel Bank',435),(47142,'Legana Vineyard',435),(47143,'Leven Valley Vineyard',437),(47144,'Marions Vineyard',436),(47145,'Meadowbank',434),(47146,'Milford Vineyard',435),(47147,'Moonrakers Vineyard',435),(47148,'Moorilla Estate',434),(47149,'Morningside Vineyard',435),(47150,'Motton Terraces',437),(47151,'Nandroya',435),(47152,'Native Point',436),(47153,'No Regrets Vineyard',434),(47154,'Notley Gorge',436),(47155,'Palmara Vineyard',435),(47156,'Panorama Vineyard',434),(47157,'Pembroke Wine Company',435),(47158,'Petcheys Bay Vineyard',435),(47159,'Pipers Brook Vineyard',436),(47160,'Pooley Wines',435),(47161,'Powercourt Vineyards',436),(47162,'Providence Vineyards',435),(47163,'Rebecca Vineyards',434),(47164,'Richmond Park Vineyard',435),(47165,'Ringtail Ridge',437),(47166,'Rochecombe',436),(47167,'Rosevears Estate',435),(47168,'Rotherhythe',436),(47169,'Sharmans',435),(47170,'Silk Hill Vineyard',435),(47171,'Springvale',434),(47172,'St Matthias',436),(47173,'Stefano Lubiana Wines',435),(47174,'Sterling Heights',434),(47175,'Stoney Vineyard',434),(47176,'Tamar Ridge',435),(47177,'Tavner\'s Winery',437),(47178,'Tinderbox',435),(47179,'Tolosa Valley Winery',435),(47180,'Tolpuddle Vineyards',434),(47181,'Touchwood Wines',435),(47182,'Two Bud Spur',435),(47183,'White Rock Vineyard',437),(47184,'Wilmot Hills Vineyard',437),(47185,'Winstead Vineyard',435),(47186,'Woodlands Wines',435),(47187,'Yaxley Estate',435),(47188,'Adriatic Wines',440),(47189,'Banara Wines',440),(47190,'Baskerville Winery',440),(47191,'Bassendean',440),(47192,'Baxter-Stokes Wines',440),(47193,'Cheriton Estate',440),(47194,'Cobanov',440),(47195,'Coorinja',440),(47196,'Cowalla Estate Winery',440),(47197,'Crofters Winery',440),(47198,'Ellendale Estate Wines',440),(47199,'Faber Vineyard',440),(47200,'Garbin Estate Wines',440),(47201,'Glenora Wines',440),(47202,'Henley Park Wines',440),(47203,'Highway Wines',440),(47204,'Houghton',440),(47205,'Jadran Wines',440),(47206,'Jane Brook Estate',440),(47207,'Lakeville Vineyards',440),(47208,'Lamont Wines',440),(47209,'Little River Wines',440),(47210,'Mann Winery',440),(47211,'Moondah Brook Estate',440),(47212,'Olive Farm',440),(47213,'Pinelli Wines',440),(47214,'Revelry',440),(47215,'Sittella',440),(47216,'Susannah Brook Wines',440),(47217,'Talijancich Wines',440),(47218,'The Twisted Vine Restaurant & Winery',440),(47219,'Twin Hills',440),(47220,'Upper Reach',440),(47221,'Valley Wines',440),(47222,'Vindara',440),(47223,'Vino Italia',440),(47224,'Westfield',440),(47225,'Windy Creek Estate',440),(47226,'Abbey Creek Vineyard',441),(47227,'Ashley Park',441),(47228,'Briery Estate',441),(47229,'Brookside Vineyard',441),(47230,'Carosa Vineyard',441),(47231,'Chidlow Brook',441),(47232,'Chittering Estate',441),(47233,'Darlington Vineyard',441),(47234,'Hainault',441),(47235,'Lawnbrook Estate Wines',441),(47236,'Piesse Brook',441),(47237,'Rosily Vineyard',441),(47238,'Scarp Valley',441),(47239,'Walsh Family Winery',441),(47240,'Gloucester Ridge Vineyard',442),(47241,'Hidden River Estate',442),(47242,'Lefroy Brook Vineyard',442),(47243,'Lost Lake',442),(47244,'Piano Gully Wines',442),(47245,'Picardy Winery',442),(47246,'Salitage',442),(47247,'Smithbrook',442),(47248,'Tantemaggie',442),(47249,'Warren Vineyard',442),(47250,'Woodsmoke Estate',442),(47251,'Baldivis Estate',443),(47252,'Blackwood Wines',443),(47253,'Bonannella & Sons',443),(47254,'Carabooda Estate Wines',443),(47255,'Devil\'s Lair',443),(47256,'Faranda Wines',443),(47257,'Leschenault',443),(47258,'Paulconti',443),(47259,'Peel Estate',443),(47260,'Thomas Wines',443),(47261,'AbbeyVale Estate',444),(47262,'Amberley Estate',444),(47263,'Aquila',444),(47264,'Arlewood Estate',444),(47265,'Artamus',444),(47266,'Ashbrook Estate',444),(47267,'Brookelands Valley',444),(47268,'Bunker Bay',444),(47269,'Cape Mentelle',444),(47270,'Cavalier Crest',444),(47271,'Clairault Wines',444),(47272,'Cullen',444),(47273,'Deep Woods Estate',444),(47274,'Driftwood Estate Winery',444),(47275,'Eagle Bay Brewing Company & Vineyard',444),(47276,'Edwards Vineyard',444),(47277,'Evans and Tate',444),(47278,'Fermoy Estate',444),(47279,'Flinders Bay',444),(47280,'Freycinet',444),(47281,'Gillespie Vineyards',444),(47282,'Gralyn Cellars',444),(47283,'Green Valley',444),(47284,'Hamelin Bay Wines',444),(47285,'Happ\'s',444),(47286,'Heron Lake',444),(47287,'Hotham Valley Estate',444),(47288,'Hunts Foxhaven Estate',444),(47289,'Juniper Estate',444),(47290,'Killerby Vineyards',444),(47291,'Leeuwin Estate',444),(47292,'Lenton Brae',444),(47293,'MadFish Winery',444),(47294,'Marybrook Vineyards & Winery',444),(47295,'Minot',444),(47296,'Morrisons',444),(47297,'Moss Brothers',444),(47298,'Moss Wood',444),(47299,'Olsen Wines',444),(47300,'Oscar\'s Leap',444),(47301,'Palandri Wines',444),(47302,'Palmer Wines',444),(47303,'Pierro',444),(47304,'Preveli',444),(47305,'Redgate',444),(47306,'Ribbon Vale Estate',444),(47307,'Rivendell Vineyards',444),(47308,'Rockfield Estate Vineyard',444),(47309,'Rosabrook Estate',444),(47310,'Sandalford',444),(47311,'Saracen Estates',444),(47312,'Serventy Organic Wine',444),(47313,'Settlers Ridge Winery',444),(47314,'Swallows Welcome',444),(47315,'Swings and Roundabouts',444),(47316,'Treeton Estate',444),(47317,'Vasse Felix',444),(47318,'Vertumnus',444),(47319,'Voyager Estate',444),(47320,'Willespie',444),(47321,'wine by brad',444),(47322,'Wise Vineyards',444),(47323,'Woodlands Margaret River Winery',444),(47324,'Woody Nook Wines',444),(47325,'Wrights',444),(47326,'Xanadu Wines',444),(47327,'Yungarra Estate',444),(47328,'Alkoomi',445),(47329,'Blackwood Crest',445),(47330,'Castle Rock Estate',445),(47331,'Chatsfield',445),(47332,'Dalyup River Estate',445),(47333,'Due South',445),(47334,'Fernbrook Estate Wines',445),(47335,'Forest Hill',445),(47336,'Galafrey',445),(47337,'Goundrey',445),(47338,'Hay River',445),(47339,'Howard Park',445),(47340,'Ironwood Estate Wines',445),(47341,'Jingalla',445),(47342,'Karrelea Estate',445),(47343,'Karri View',445),(47344,'Karrivale',445),(47345,'Lincoln & Gomm Wines',445),(47346,'Mariners Rest Wines',445),(47347,'Marribrook Wines',445),(47348,'Millinup Estate Wines',445),(47349,'Montgomery\'s Hill',445),(47350,'Mount Trio Vineyard',445),(47351,'Plantagenet',445),(47352,'Porongurup Winery',445),(47353,'Scotts Brook',445),(47354,'Shemarin',445),(47355,'Somerset Hill Wines',445),(47356,'West Cape Howe Wines',445),(47357,'Wignalls',445),(47358,'Willow Bridge Estate',446),(47735,'Adora Estate Winery',447),(47736,'Alderlea Vineyards',447),(47737,'Arrowleaf Cellars INC',448),(47738,'Bella Vista Vineyards',447),(47739,'Benchland Vineyards',447),(47740,'Black Hills Estate Winery',448),(47741,'Blasted Church',447),(47742,'Blossom Winery',447),(47743,'Blue Mountain Vineyard & Cellars',448),(47744,'Bonaparte Bend Winery Ltd.',447),(47745,'Burrowing Owl Vineyards',448),(47746,'Calliope Vintners',447),(47747,'Calona Vineyards',448),(47748,'Carriage House Wines',447),(47749,'Cedar Creek Estate Winery',448),(47750,'CedarCreek Estate Winery',447),(47751,'Chalet Estate Vineyards',447),(47752,'Chateau Ste. Claire Estate Winery',447),(47753,'Chateau Wolff',447),(47754,'Columbia Gardens Winery',447),(47755,'Columbia Valley Classics Winery',447),(47756,'Crowsnest Vineyards',447),(47757,'Divino Estate Winery Ltd',447),(47758,'Domaine Combret',447),(47759,'East Kelowna Cider Company',447),(47760,'Echoing Green Vineyard & Winery',447),(47761,'Elephant Island Orchard Wines',447),(47762,'Fairview Cellars',447),(47763,'First Estate Cellars',447),(47764,'Garry Oakes Vineyard',447),(47765,'Gehringer Brothers Estate Winery',447),(47766,'Gersighel Wineberg',447),(47767,'Glenterra Vineyards',447),(47768,'Glenugie Vineyard',447),(47769,'Godfrey-Brownell Vineyards',447),(47770,'Golden Mile Cellars',447),(47771,'Gray Monk Estate Winery',448),(47772,'Hainle Vineyards Estate Winery',448),(47773,'Hawthorne Mountain Vineyard',447),(47774,'Hester Creek Estate Winery',448),(47775,'Hillside Estate Winery',448),(47776,'House Of Rose Winery',448),(47777,'Hunting Hawk Winery',447),(47778,'Inniskillin Okanagan Vineyard Inc.',447),(47779,'Jackson-Triggs Niagara Estate Winery',447),(47780,'Kettle Valley Winery',447),(47781,'La Frenz Estate Winery',447),(47782,'Lake Breeze Vineyards',447),(47783,'Lang Vineyards',448),(47784,'Larch Hills Winery',448),(47785,'Lotusland Vineyard',447),(47786,'Mark Anthony Cellars LTD',447),(47787,'Marshwood Estate Winery',447),(47788,'Merridale Cider Works',447),(47789,'Merridale Estate Cidery',447),(47790,'Mission Hill Family Estate',447),(47791,'Mt Boucherie Estate Winery',447),(47792,'Newton Ridge Vineyards',447),(47793,'Nichol Vineyard',447),(47794,'Nk\' MIP Cellars',447),(47795,'Osoyoos Cellars',447),(47796,'Paradise Ranch Wines Corp.',448),(47797,'Pemberton Valley Vineyard In.',447),(47798,'Pêntage Winery',447),(47799,'Pinot Reach Cellars',448),(47800,'Poplar Grove',447),(47801,'Port Winery Company Inc.',447),(47802,'Quails\' Gate Estate Winery',448),(47803,'Recline Ridge Vineyards & Winery',448),(47804,'Red Rooster Winery',447),(47805,'Riverbend Vineyards',447),(47806,'Rollingdale Estates',447),(47807,'Saint Hubertus Estate Winery',447),(47808,'Saint Laszlo Vineyards',447),(47809,'Sandhill',448),(47810,'Saturna Island Vineyards',449),(47811,'Scherzinger Vineyards',448),(47812,'Silver Sage Winery',447),(47813,'Slamka Cellars Winery',447),(47814,'St. Hubertus Estate Winery',448),(47815,'Stag\'s Hollow Winery & Vineyard',447),(47816,'Sumac Ridge Estate Winery',447),(47817,'Summerhill Estate Winery',448),(47818,'The Vineyard at Bowen Island ',447),(47819,'Thornhaven Estate Winery and Calliope Vintners',447),(47820,'Tinhorn Creek Vineyards',448),(47821,'Township 7 Vineyards and Winery',447),(47822,'Venturi-Schulze',447),(47823,'Vicori Winery',447),(47824,'Victoria Estate Winery',447),(47825,'Village Winery',447),(47826,'Wild Goose Vineyards',447),(47827,'Yellowpoint Vineyard',447),(47828,'Applemanfarms',450),(47829,'Belliveau Orchard',450),(47830,'Gillis of Belleisle Wineyard & Winery',450),(47831,'La Ferme Maury',450),(47832,'Magnetic Hill Winery',450),(47833,'Tierney Point Winery',450),(47834,'Tuddenham Farms',450),(47835,'Winegarden Estate',450),(47836,'Rodrigues Markland Cottage Winery',451),(47837,'Bear River Vineyards',452),(47838,'Grand Pre Wines',452),(47839,'Jost Vineyards',452),(47840,'Sainte-Famille Wines',452),(47841,'Andres Wines',453),(47842,'Archibald\'s Estate Winery',454),(47843,'Bellamere Country Market & Winery',454),(47844,'Birchwood Estate Wines',454),(47845,'Black Prince Winery',455),(47846,'By Chadsey\'s Cairns Winery and Vineyard',455),(47847,'Carmela Estates Winery',455),(47848,'Cave Spring Cellars',453),(47849,'Chateau des Charmes Wines',453),(47850,'Cilento Winery',453),(47851,'Closson Chase Vineyards',455),(47852,'County Cider Company',455),(47853,'Cox Creek Cellars',454),(47854,'Creekside Estate Winery',454),(47855,'Crown Bench Estates Winery',454),(47856,'D\'Angelo Estate Winery',454),(47857,'De Sousa Wine Cellars',453),(47858,'EastDell Estates Winery',453),(47859,'Harbour Estates Winery',453),(47860,'Harvest Estate Wines',454),(47861,'Henry of Pelham Family Estate',453),(47862,'Hernder Estate Wines',453),(47863,'Hillebrand Estates',453),(47864,'Huff Estates',455),(47865,'Inniskillin Wines',453),(47866,'Joseph\'s Estate Wines',456),(47867,'Kacaba Vineyards',454),(47868,'Kittling Ridge Winery',454),(47869,'Konzelmann Estate Winery',457),(47870,'Lakeview Cellars Estate Winery',453),(47871,'LeBlanc Estate Winery',454),(47872,'Magnotta Winery',458),(47873,'Malivoire Wine Company',453),(47874,'Maplegrove Vinoteca Estate Winery',454),(47875,'Marynissen Estate',453),(47876,'Meadow Lane Winery',454),(47877,'Milan Wineries',454),(47878,'Mosquito Creek Vineyards',454),(47879,'Norfolk Estate Winery',454),(47880,'Ocala Winery',454),(47881,'Pelee Island Winery',459),(47882,'Peller Estates/Andres Wines',453),(47883,'Peninsula Ridge Estates',454),(47884,'Pillitterii Estates Winery',453),(47885,'Puddicombe Estate Winery',454),(47886,'Quai Du Vin Estate Winery',454),(47887,'Reif Estate Winery',454),(47888,'Rossignol Estate Winery',455),(47889,'Royal DeMaria Wines',454),(47890,'Rush Creek Wines',454),(47891,'Scotch Block Winery',454),(47892,'Southbrook Winery & Farm',453),(47893,'St. Jacob\'s Winery & Cidery',454),(47894,'Stonechurch Vineyards',454),(47895,'Stoney Ridge Estate Winery',453),(47896,'Strewn Estate Winery',453),(47897,'Sunnybrook Farm Estate Winery',453),(47898,'The Grange of Prince Edward Estate Winery',455),(47899,'Thirty Bench Vineyard and Winery',453),(47900,'Thomas & Vaughan Vintners',454),(47901,'Thornhill Winery',454),(47902,'Vineland Estates Winery',453),(47903,'Vinoteca Winery',454),(47904,'VP Cellars',454),(47905,'Waupoos Estates Winery',455),(47906,'Willow Heights Winery',453),(47907,'Artisans du Terroir',460),(47908,'Vignoble Angile',460),(47909,'Vignoble Cep d\' Argent',460),(47910,'Vignoble de Orpailleur',460),(47911,'Vignoble la Bauge',460),(47912,'Bergeron Estate Winery',447),(47913,'Blue Grouse Vineyards & Winery',447),(47914,'Blue Moon Winery',447),(47915,'Cherry Point Vineyards',447),(47916,'Coastal Black Estate Winery',447),(47917,'Colio Estate Wines',447),(47918,'Daniel Lenko Estate Winery',447),(47919,'Domaine de Grand Pré',447),(47920,'Generation Seven Wines',447),(47921,'Kermode Wild Berry Wines',447),(47922,'La Bauge',447),(47923,'Long Dog Winery',447),(47924,'Lulu Island Winery',447),(47925,'Lunenburg County Winery',447),(47926,'Raven Ridge Cidery Inc',447),(47927,'Rockway Glen Golf Course & Winery',447),(47928,'Serendipity Winery',447),(47929,'Seven Stones Winery',447),(47930,'Tanatalus Vineyards',447),(47931,'Vigneti Zanatta',447),(47932,'Vignoble Bourg Royal',447),(47933,'Vignoble des Pins',447),(47934,'Vignoble Morou',447),(47935,'Vincor International',447),(48155,'Agustinos',465),(48156,'Alfasi',463),(48157,'Almaviva Winery',465),(48158,'Altair Vineyards & Winery',465),(48159,'Amayna Vina Garces Silva',465),(48160,'Anakena Wines',464),(48161,'Antiyal',465),(48162,'Apalta Vineyards -Viña Montes',466),(48163,'Apaltagua Winery',467),(48164,'Arboleda / Caliterra',465),(48165,'Balduzzi Wines',468),(48166,'Bodega Cecchin',465),(48167,'Bodega y Viñedos Apaltagua',465),(48168,'Bodegas Santo Domingo',465),(48169,'Bodegas Vina Selentia / Iverus',465),(48170,'Bodegas y Vinedos Korta',465),(48171,'Botalcura Winery',468),(48172,'Calina',468),(48173,'Carmen',465),(48174,'Casa Donoso',468),(48175,'Casa Julia Estate',469),(48176,'Casa Lapostolle',464),(48177,'Casa Verdi Winery',470),(48178,'Casas del Bosque',465),(48179,'Castillo De Molina',466),(48180,'Chateau/ Vina Los Boldos  ',464),(48181,'Chinigue Winery',471),(48182,'Concha y Toro',465),(48183,'Correa Albano',466),(48184,'Cremaschi Furlotti',468),(48185,'Curimon Wines',465),(48186,'De Martino',465),(48187,'Elkan Wines',465),(48188,'Empresas Lourdes',465),(48189,'Gillmore',468),(48190,'Gracia de Chile',464),(48191,'Hacienda Los Lingues',464),(48192,'Intriga',465),(48193,'Killer Bee',465),(48194,'Kingston Family Vineyards',472),(48195,'La Playa Vineyards',465),(48196,'Las Casas del Toqui / De Larose',464),(48197,'Las Montanas',465),(48198,'Linderos  ',465),(48199,'Lomas De Cauquenes',473),(48200,'Luis Felipe Edwards',469),(48201,'Matetic Vineyards',472),(48202,'Mayu Wines',465),(48203,'Ninquen Mountain Vineyard',465),(48204,'Odfjell Vineyards',465),(48205,'OLVAR Wines',465),(48206,'Porta Winery',464),(48207,'Pueblo Antiguo',474),(48208,'Santa Ines',465),(48209,'Santa Marvista Winery',475),(48210,'Sena',465),(48211,'Seña',473),(48212,'Sietetazas / Galan Vineyards',466),(48213,'Terra Andina',465),(48214,'TerraMater',466),(48215,'Torrealba',465),(48216,'Tutunjian Estate Vineyards',465),(48217,'Veramonte',472),(48218,'Veranda',465),(48219,'Via Wines',468),(48220,'Villard Fine Wines',472),(48221,'Vina Almaviva',465),(48222,'Vina Amaral',465),(48223,'Viña Aquitania',465),(48224,'Viña Aresti (Bellavista)',466),(48225,'Viña Astaburuaga',466),(48226,'Vina Bisquertt',469),(48227,'Vina Camino Real',464),(48228,'Vina Candelaria',465),(48229,'Viña Canepa',465),(48230,'Viña Carta Vieja',468),(48231,'Vina Casa Marin',465),(48232,'Viña Casa Rivas',465),(48233,'Vina Casa Silva',469),(48234,'Vina Casa Tamaya',476),(48235,'Vina Casablanca',465),(48236,'Viña Casas Patronales',468),(48237,'Vina Castillo Butron',477),(48238,'Vina Chocalan',465),(48239,'Viña Cono Sur S.A.',465),(48240,'Viña Cousiño Macul',465),(48241,'Viña Cuvee Mumm',472),(48242,'Vina Dona Javiera',465),(48243,'Viña Echeverria',466),(48244,'Viña El Aromo',468),(48245,'Vina El Huique',474),(48246,'Vina El Principal',465),(48247,'Vina Errazuriz',473),(48248,'Vina Estampa',465),(48249,'Vina Falernia',465),(48250,'Viña Francisco de Aguirre',476),(48251,'Viña Fray Leon',465),(48252,'Viña Haras de Pirque',465),(48253,'Viña Hugo Casanova',468),(48254,'Vina Indomita',465),(48255,'Vina Koyle',465),(48256,'Viña La Fortuna',466),(48257,'Vina La Pancora Ltd',465),(48258,'Viña La Posada',474),(48259,'Viña La Ronciere',469),(48260,'Viña La Rosa',469),(48261,'Viña Litoral Ventolera',465),(48262,'Vina los Acantos',468),(48263,'Vina Los Vascos',469),(48264,'Viña Machali',464),(48265,'Vina Maipo',465),(48266,'Viña Manquehue',465),(48267,'Vina Maquis',465),(48268,'Vina Mar',465),(48269,'Viña Martínez de Salinas',468),(48270,'Viña Miguel Torres',466),(48271,'Vina Millaman',465),(48272,'Viña Misiones de Rengo',464),(48273,'Viña Montgras',469),(48274,'Vina Morande',464),(48275,'Vina Ochotierras',476),(48276,'Vina Penalolen',478),(48277,'Vina Perez Cruz',465),(48278,'Viña Portal del Alto',465),(48279,'Viña Quebrada de Macul',465),(48280,'Vina Requingua',465),(48281,'Vina San Esteban',473),(48282,'Vina San Pedro',466),(48283,'Vina Santa Alicia',465),(48284,'Viña Santa Carolina',465),(48285,'Vina Santa Ema',465),(48286,'Viña Santa Helena',474),(48287,'Viña Santa Laura',469),(48288,'Viña Santa Monica',469),(48289,'Vina Santa Rita',465),(48290,'Viña Segu',468),(48291,'Viña Siegel',474),(48292,'Vina Sutil ',474),(48293,'Vina Tabali',479),(48294,'Viña Tarapaca Ex-Zabala',465),(48295,'Vina Tres Palacios',465),(48296,'Viña Tuniche',464),(48297,'Viña Undurraga',465),(48298,'Viña Valdivieso',466),(48299,'Viña Ventisquero',465),(48300,'Viña Vistamar',472),(48301,'Vina von Siebenthal',470),(48302,'Vina William Fevre',465),(48303,'Vina Y Cava Valle Secreto S.A',465),(48304,'Vinacola Cavas del Maipo',465),(48305,'Vinedo Chatwick',465),(48306,'Vinedos Emiliana',469),(48307,'Vinedos Errazuriz Ovalle',465),(48308,'Vinedos J A Bouchon',468),(48309,'Vinedos Terranoble',468),(48310,'Vinedos Torreon de Paredes',464),(48311,'Vino de Eyzaguirre',464),(48312,'Vinos del Sur / VINSUR',480),(48313,'Vinos Los Robles',466),(48314,'Viu Manent',469),(48315,'Walnut Crest Wines',465),(48316,'William Cole Vineyards',472),(48414,'A Lyttle Vineyard  Olive Grove',481),(48415,'Abel Tasman Wines',482),(48416,'Akarangi Wines',483),(48417,'Akaroa Harbour Wines',484),(48418,'Akarua',482),(48419,'Alan McCorkindale Ltd',484),(48420,'Alana Estate',485),(48421,'Albany Lane Vineyard',483),(48422,'Alexander Vineyard',486),(48423,'Alexandra Wine Company',487),(48424,'Alexia',485),(48425,'Allan Scott Wines and Estates',489),(48426,'Alpha Domus',483),(48427,'Alpine Pacific Wine Company Ltd',484),(48428,'Amisfield Wine Company',485),(48429,'Amor-Bendall Wines',490),(48430,'Anthony James Wines Ltd',487),(48431,'Antipodean Farm',485),(48432,'Arahura Vineyard',485),(48433,'Artisan New Zealand Wine',485),(48434,'Artisan Wines Ltd',491),(48435,'Ascension Vineyard Ltd',485),(48436,'Ashwell Vineyards',486),(48437,'Askerne Estate Winery',483),(48438,'Aspen Ridge',485),(48439,'Astrolabe Wines Ltd',492),(48440,'Ata Rangi',485),(48441,'Auntsfield Estate',485),(48442,'Aurum Wines',485),(48443,'Babich',491),(48444,'Bald Hills Vineyard',485),(48445,'Bannock Brae Estate Ltd',485),(48446,'Bannockburn Heights',487),(48447,'Barkerole',485),(48448,'Beach House Wines',483),(48449,'Belfield Wines',485),(48450,'Bell Hill Vineyard Ltd',493),(48451,'Bendemeer',485),(48452,'Benfield & Delamare',486),(48453,'Bentwood Wines',485),(48454,'Beros Estate',491),(48455,'Bilancia',485),(48456,'Black Estate Wines',485),(48457,'Black Ridge Vineyard',487),(48458,'Bladen',489),(48459,'Blake Family Vineyard Ltd',483),(48460,'Blind River Wines',485),(48461,'Blitvic Mrs M',494),(48462,'Blue Sun Ltd',484),(48463,'Bluff Hill',485),(48464,'Borthwick Estate',485),(48465,'Bouldevines Wine Limited',489),(48466,'Bradshaw Estate Winery',483),(48467,'Brajkovich Ivan',494),(48468,'Brancott Estate',489),(48469,'Briar Vale Estate',487),(48470,'Brick Bay Wines',491),(48471,'Bridge Pa Vineyard',483),(48472,'Brighams Wines Ltd',491),(48473,'Brightwater Vineyards Ltd',482),(48474,'Brookfields',483),(48475,'Buljan Wines',491),(48476,'Bulmer Harvest Ltd',490),(48477,'Burnt Spur Martinborough Ltd',486),(48478,'C J Pask Winery',483),(48479,'Cabbage Tree Vineyard',485),(48480,'Cable Bay Vineyards Ltd',481),(48481,'Cairnbrae Vineyards',489),(48482,'Cairnmuir Road Winery Ltd',485),(48483,'Campagna Wines',491),(48484,'Canadoro Wines',486),(48485,'Canterbury House',484),(48486,'Cape Campbell Wines',492),(48487,'Capricorn Wine Estates',485),(48488,'Carrick Wines',487),(48489,'Castle Matakana',491),(48490,'Cellier Le Brun',489),(48491,'Central Hawkes Bay Wines Ltd',483),(48492,'Chancellor Wine Estates',485),(48493,'Chardfarm',487),(48494,'Charles Wiffen Wines Ltd',484),(48495,'Chateau Raphael Ltd',492),(48496,'Chateau WaimaramaCompany',483),(48497,'Cheviot Vineyard',485),(48498,'Chifney',485),(48499,'Christchurch Polytechnic',484),(48500,'Church Road Winery',483),(48501,'Churton',492),(48502,'Cirrus Estate Ltd',486),(48503,'Claddagh Vineyard',485),(48504,'Clay Cliffs Estate',485),(48505,'Clearview Estate',495),(48506,'Clifford Bay Estate',489),(48507,'Clos Marguerite',485),(48508,'Cloudy Bay',489),(48509,'Collard Brothers Ltd',491),(48510,'Collards',491),(48511,'Coney Wines',485),(48512,'Continental',485),(48513,'Cooks',485),(48514,'Coopers Creek',491),(48515,'Corbans',491),(48516,'Cottle Hill Winery',494),(48517,'Covell Estate Wines Ltd',485),(48518,'Crabfarm',483),(48519,'Cracroft Chase Vineyard',485),(48520,'Craggy Range',483),(48521,'Crossroads Winery Ltd',483),(48522,'Daniel Schuster Wines',485),(48523,'Darjon Vineyards',484),(48524,'David Papa Estate Wines',491),(48525,'De Gyffarde Wines',492),(48526,'De REDCLIFFE',485),(48527,'Delamore Vineyard',481),(48528,'Delegats Wine Estate',491),(48529,'Delta Wines',485),(48530,'Delta Wines',485),(48531,'Denton Winery',482),(48532,'Domain Road Vineyard',487),(48533,'Domaine Chandon (NZ) Ltd',492),(48534,'Domaine Georges Michel Ltd',492),(48535,'Donaldson Vineyards Ltd',485),(48536,'Douglas: John',486),(48537,'Dry Gully Vineyard',487),(48538,'Dry Plains Fine Wines Ltd',484),(48539,'Dry River Wines Ltd',486),(48540,'Drylands Marlborough Winery',489),(48541,'Eastern Institute of Technology Winery',483),(48542,'Edbrooke Vineyard Ltd',481),(48543,'Elephant Hill Estate',485),(48544,'Ellesmere Wine Company Ltd',484),(48545,'Equinox Wines Ltd',485),(48546,'Eradus',492),(48547,'Esk Valley Estate Ltd',483),(48548,'Eskdale',483),(48549,'Eskdale Winegrowers Ltd',483),(48550,'Fairhall Downs Estate',489),(48551,'Fairmont Estate Winery',485),(48552,'Felton Road',487),(48553,'Fenton Estate',481),(48554,'Fiddlers Green Wines Ltd',484),(48555,'Fino Valley Wines',491),(48556,'Firstland Vineyards Ltd',483),(48557,'Floating Mountain',484),(48558,'Foremans Vineyard',481),(48559,'Forrest Estate',489),(48560,'Fossil Ridge',482),(48561,'Foxes Island Wines',489),(48562,'Framingham Wine Co',489),(48563,'Fraser River Estate',487),(48564,'French Farm Winery',484),(48565,'Fromm Winery',489),(48566,'Fullers Vineyard',491),(48567,'Gatehouse Wines Ltd',484),(48568,'Gibbston Valley Wines Ltd',487),(48569,'Giesen Estate',484),(48570,'Gillan Wines',489),(48571,'Gimblett Gravels',483),(48572,'Gladsotne Vineyard',483),(48573,'Glen Garth Farm Ltd',486),(48574,'Glengarry Hancocks Ltd',491),(48575,'Glenmark Wines',484),(48576,'Glover Wines',482),(48577,'Glovers',482),(48578,'Golden Gate Vineyards',491),(48579,'Goldwater Wines',481),(48580,'Grandview Wines',491),(48581,'Grape Republic',485),(48582,'Greenhough Vineyard & Winery',482),(48583,'Grove Mill Wines',489),(48584,'Gunn Estate Winery',483),(48585,'Hand Steve & Barbara',484),(48586,'Harrier Rise Vineyard',491),(48587,'Hatton Estate Gimblett Road Ltd',496),(48588,'Hawkdun Rise Vineyard',487),(48589,'Hawkesbridge Wines',489),(48590,'Hawkesbury Vineyard',492),(48591,'Hawkshead Vineyard Partnership',485),(48592,'Hays Lake Vineyard',487),(48593,'Haythornthwaite Vineyard',485),(48594,'Herons Flight Vineyard',485),(48595,'Herzog Winery & Restaurant',489),(48596,'Hettinga Estates Ltd',483),(48597,'Hidden Valley Vineyard',485),(48598,'Highfield Estate',489),(48599,'Himmelsfeld',482),(48600,'Hinton Estate',485),(48601,'Hitchen Road Vineyard',491),(48602,'Holmes Brothers',482),(48603,'Horsford Downs',485),(48604,'Huia Vineyards',489),(48605,'Huntaway',483),(48606,'Hunters',489),(48607,'Huthlee Estate Vineyard',483),(48608,'Hyperion Wines',491),(48609,'Inverness Estate',491),(48610,'Isabel Estate Vineyard',489),(48611,'Jackson Estate',489),(48612,'Johanneshof Cellars Ltd',492),(48613,'John Mellars of Great Barrier Island',485),(48670,'A. A. Ferreira S.A.',503),(48671,'A.A Calem & Filho S.A',503),(48672,'Adega Cooperativa da Covilha',503),(48673,'Adega Cooperativa de Alijo',503),(48674,'Adega Cooperativa de Borba',503),(48675,'Adega Cooperativa de Favaios',503),(48676,'Adega Cooperativa de Redondo ACR',503),(48677,'Adega Cooperativa de Santa Marta de Penaguiao',503),(48678,'Adega Cooperativa do Fundao C.R.L.',503),(48679,'Adega Cooperativa Regional de Moncao',498),(48680,'Adega Regional de Colares CRL',503),(48681,'Adriano Ramos Pinto',503),(48682,'AFROS Wine',503),(48683,'Altas Quintas Exploracao Agrícola e Vinícola Lda',503),(48684,'Arlindo da Costa Pinto e Cruz',503),(48685,'Azamor',503),(48686,'Bacalhoa Vinhos de Portugal',503),(48687,'Blandys',503),(48688,'Broadbent Selections',503),(48689,'C. da Silva (Vinhos) SA',503),(48690,'C.N. Kopke',503),(48691,'CADE - Companhia Agricola de Desenvolvimento S.A.',503),(48692,'Casa Cadaval',503),(48693,'Casa De Mouraz',503),(48694,'Casa de Santa Eufemia',503),(48695,'Casa de Santa Vitoria - Sociedade Agro-Industrial SA',503),(48696,'Casa De Santar',503),(48697,'Casa de Sezim',499),(48698,'Casa de Vila Verde',503),(48699,'Casa Santos Lima',503),(48700,'Casal de Valle Pradinhos',503),(48701,'Casal Dos Jordoes',503),(48702,'Casca Wines',503),(48703,'Cave Balma Venitia',503),(48704,'Caves Alianca',503),(48705,'Caves Do Solar De São Domingos',503),(48706,'Caves Dom Teodosio',503),(48707,'Caves Primavera',503),(48708,'Caves Santa Marta',503),(48709,'Caves Sao Joao',503),(48710,'Cavipor',503),(48711,'Churchill Graham',503),(48712,'Cockburns',503),(48713,'Cooperativa Agricola De Reguengos De Monsaraz',503),(48714,'Cortes de Cima',503),(48715,'Cossart Gordon',503),(48716,'Croft Port',503),(48717,'DAguiar Companhia Agrícola S.A.',503),(48718,'Dows Port',503),(48719,'ENOFORUM Alentejo Wines Portugal',503),(48720,'Fonseca Guimaraens Vinhos',503),(48721,'Fundação Abreu Callado',503),(48722,'H.M. Borges',503),(48723,'Henrique Uva / Herdade Da Mingorra',503),(48724,'Henriques & Henriques',503),(48725,'Herdade Da Malhadinha Nova',503),(48726,'Herdade do Esporao',503),(48727,'House of Sandeman',503),(48728,'J H Andresen',503),(48729,'João Portugal Ramos Vihnos S.A.',503),(48730,'Jose Maria da Fonseca',503),(48731,'Lavradores de Feitoria',503),(48732,'Leacocks Madeira',503),(48733,'Lidador',500),(48734,'M V Borges Gonçalves Costa',503),(48735,'Madeira Wine Company',501),(48736,'Manoel D. Pocas Junior - Vinhos',503),(48737,'Maria Adelaide Melo e Trigo',503),(48738,'Martinez Gassiot',503),(48739,'Monte Da Capela - Sociedade Agricola E Comercial LDA',503),(48740,'Niepoort',503),(48741,'Offley- Forrester Company',502),(48742,'Pereira dOliveira',503),(48743,'Porto Barros',503),(48744,'Prats & Symington',503),(48745,'Quarles Harris',503),(48746,'Quinta da Aveleda',503),(48747,'Quinta Da Cismeira',503),(48748,'Quinta Da Fonte Nova',503),(48749,'Quinta da Murqueira',503),(48750,'Quinta Da Plansel',503),(48751,'Quinta Da Veiga Da Casa Da Capela',503),(48752,'Quinta Das Apegadas',503),(48753,'Quinta das Heredias',503),(48754,'Quinta de la Rosa',503),(48755,'Quinta de Vila Maior / Manuel Joaquim Pinto',503),(48756,'Quinta do Carmo',504),(48757,'Quinta Do Castelinho',503),(48758,'Quinta do Crasto',503),(48759,'Quinta do Estanho',503),(48760,'Quinta do Fietal',503),(48761,'Quinta do Frances Odelouca River Valley',503),(48762,'Quinta do Infantado',503),(48763,'Quinta do Noval',503),(48764,'Quinta do Portal SA',503),(48765,'Quinta do Sairrao',503),(48766,'Quinta do Tedo',503),(48767,'Quinta DO Vale D. Maria',503),(48768,'Quinta do Vesuvio Port',503),(48769,'Quinta dos Barrieros',503),(48770,'Quinta Farago',503),(48771,'Quinta Nova de Nossa Senhora do Carmo',503),(48772,'Real Companhia Velha',503),(48773,'Romariz',503),(48774,'Rozes Port',503),(48775,'Rui José Xavier Soares',503),(48776,'Samuel Magalhaes E Silva Herdeiros',503),(48777,'Silva Vinhos',503),(48778,'Smith Woodhouse & Gould Campbell',503),(48779,'Sociedade Agricola Do Vale De JoanaLDA',503),(48780,'Sociedade Agrícola e Comercial dos Vinhos Messias SA',503),(48781,'Sociedade Agrícola Jose Mesquita Guimaraes',503),(48782,'Sociedade Roquevale',503),(48783,'Sogrape',503),(48784,'Symington Family Port Companies',503),(48785,'Taylor Fladgate and Yeatman',503),(48786,'Touquinheiras - Soc. Agro-turística Lda',503),(48787,'Tuke Holdsworth',503),(48788,'Uncier Vinhos S.A.',503),(48789,'Vallegre Vinhos do Porto S.A.',503),(48790,'Villa Pomona',503),(48791,'Villa Quinta dos Vales Agricultura e Turismo S.A.',503),(48792,'Vinhos Barbeito',503),(48793,'Vinhos Justino Henriques Filhos',503),(48794,'W. & J. Grahams',503),(48795,'Warres Port',503),(48796,'Wiese & Krohns / Wiese and Krohn',503),(48797,'Wine & Soul Winery',503),(48925,'Cape Vineyards (Pty) Ltd',505),(48926,'Ambeloui Wine Cellar ',506),(48927,'Buitenverwachting ',506),(48928,'Constantia Uitsig',506),(48929,'Eagle\'s Nest',506),(48930,'Groot Constantia Estate ',506),(48931,'High Constantia ',506),(48932,'Klein Constantia Estate',506),(48933,'Steenberg Vineyards',506),(48934,'Cape Point Vineyards',507),(48935,'Douglas Green ',508),(48936,'Douglas Wine Cellars',508),(48937,'Altydgedacht Estate ',509),(48938,'Bloemendal Estate',509),(48939,'D\'Aria',509),(48940,'De Grendel',509),(48941,'De Vallei',509),(48942,'Diemersdal Estate ',509),(48943,'Durbanville Hiills',509),(48944,'Durbanville Hills',509),(48945,'Hilcrest',509),(48946,'Klein Roosboom',509),(48947,'Meerendal',509),(48948,'Nitida Cellars',509),(48949,'Phizantekraal',509),(48950,'Barton Vineyards',510),(48951,'Beaumont Wines',510),(48952,'Bouchard Finlayson',510),(48953,'Hermanuspietersfontein Wingerde (Edms.) Bpk.',510),(48954,'Paul Cluver Estate Wines',510),(48955,'Whalehaven Wines',510),(48956,'Wildekrans Wines',510),(48957,'Andrew Jonker Wines ',511),(48958,'Axe Hill',511),(48959,'Barrydale Winery ',511),(48960,'Bloupunt Estate',511),(48961,'Boplaas Winery ',511),(48962,'Calitzdorp Winery ',511),(48963,'Die Krans ',511),(48964,'Die Poort Winery ',511),(48965,'Doornkraal ',511),(48966,'Grundheim Winery ',511),(48967,'Joubert Tradouw ',511),(48968,'Kango Wines',511),(48969,'Ladismith Winery ',511),(48970,'Mons Ruber Estate ',511),(48971,'Montagu Winery ',511),(48972,'Rietrivier Winery ',511),(48973,'Uitvlucht Winery ',511),(48974,'Withoek Estate ',511),(48975,'Cederberg',512),(48976,'Citrusdal Cellars ',512),(48977,'Goue Vallei Wines',512),(48978,'Klawer Wine Cellar ',512),(48979,'Spruitdrift Wine Cellar ',512),(48980,'Stoumanns Private Cellar ',512),(48981,'Travino Wines ',512),(48982,'Vredendal Winery',512),(48983,'Westcorp International ',512),(48984,'Lutzville Vineyards Ltd',513),(48985,'Oranjerivier Wine Cellars',514),(48986,'Bartho Eksteen Wines ',515),(48987,'Cape Bay Wines ',515),(48988,'Cape Wine Exports ',515),(48989,'Goedvertrouw Estate ',515),(48990,'Hamilton Russell Vineyards ',515),(48991,'Iona Vineyards ',515),(48992,'Misty Mountains Estate',515),(48993,'Newton-Johnson ',515),(48994,'Southern Right ',515),(48995,'Sumaridge Estate Wine',515),(48996,'Thandi Wines ',515),(48997,'African Terroir ',516),(48998,'Anura Vineyards ',516),(48999,'Ashanti ',516),(49000,'Avondale Terra Est Vida',516),(49001,'Avondvrede  ',516),(49002,'Backsberg Estate',516),(49003,'Bernheim Winery',516),(49004,'Bodega Estate ',516),(49005,'Boland Kelder Vineyards',516),(49006,'Brenthurst Winery ',516),(49007,'Cameradi Wines ',516),(49008,'Cape Chamonix Wine Farm (Pty) Ltd',516),(49009,'Cathedral Cellar ',516),(49010,'Coastline',516),(49011,'Coleraine Wines ',516),(49012,'David Frost Wines',516),(49013,'De Villiers Wines ',516),(49014,'De Zoete Inval Estate',516),(49015,'Diamant ',516),(49016,'Diemersfontein',516),(49017,'Domaine Brahms ',516),(49018,'Drakensig Wine Cellars',516),(49019,'Eaglevlei Wines',516),(49020,'Fair Valley ',516),(49021,'Fairview / Charles Back',516),(49022,'Glen Carlou',516),(49023,'Hoopenburg Wines',516),(49024,'Horse Mountain Wines',516),(49025,'Juno Wine Company',516),(49026,'Kleine Draken ',516),(49027,'Kleinvallei Winery ',516),(49028,'Klompzicht ',516),(49029,'Koelenhof Wine Cellar ',516),(49030,'KWV International',516),(49031,'Laborie Estate',516),(49032,'Landskroon Wines',516),(49033,'Leidersburg Wine Farm ',516),(49034,'Mellasat Vineyard',516),(49035,'Mijn-Burg Cellar ',516),(49036,'Monis Wines ',516),(49037,'Mont Destin',516),(49038,'Nederburg Wines',516),(49039,'Nelsons Creek ',516),(49040,'Niel Joubert Wines ',516),(49041,'Onverwacht Estate ',516),(49042,'Paarl Rock Brandy Cellar ',516),(49043,'Paarl Wine Company ',516),(49044,'Pearly Bay',516),(49045,'Perdeberg Winery',516),(49046,'Perold ',516),(49047,'R and De R Fredericksburg',516),(49048,'Rhebokskloof Estate',516),(49049,'Ridgeback Wines ',516),(49050,'Robert\'s Rock',516),(49051,'Roodeberg ',516),(49052,'Ruitersvlei Wine Estate',516),(49053,'Savanha ',516),(49054,'Scali ',516),(49055,'Seidelberg Wine Estate',516),(49056,'Signal Hill ',516),(49057,'Silver Lining ',516),(49058,'Simonsvlei International',516),(49059,'Sonop Winery',516),(49060,'Veenwouden Private Cellar ',516),(49061,'Vendome Wine Estate',516),(49062,'Villiera Wines',516),(49063,'Vineris GmbH',516),(49064,'Vondeling Wines',516),(49065,'Welgemeend Estate',516),(49066,'West Coast Vineyards ',516),(49067,'Windmeul Winery ',516),(49068,'Zanddrift Vineyards ',516),(49069,'Agusta Wines',517),(49070,'Bovlei',518),(49071,'Cape Wine Cellars ',518),(49072,'Claridge Wines ',518),(49073,'Doolhof Wine Farm ',518),(49074,'Hildenbrand Estate Wine',518),(49075,'Huguenot Wine Farmers ',518),(49076,'Jacaranda Wine Estate ',518),(49077,'Linton Park Wines',518),(49078,'Maze Valley Wines ',518),(49079,'Mischa Estate ',518),(49080,'Mont Du Toit ',518),(49081,'Napier Winery ',518),(49082,'Siyabonga ',518),(49083,'Stormberg ',518),(49084,'Upland Organic Estate',518),(49085,'Wamakersvallei',518),(49086,'Welgegund Wines ',518),(49087,'Wellington Wine Cellar ',518),(49088,'Welvanpas ',518),(49089,'Agterkliphoogte Wine Cellar ',519),(49090,'Ashton Winery',519),(49091,'Azania Wines ',519),(49092,'Bon Courage Estate ',519),(49093,'Bonnievale',519),(49094,'Clairvaux Private Cellar ',519),(49095,'Danie De Wet ',519),(49096,'De Wetshof Estate',519),(49097,'Die Vlakte ',519),(49098,'Excelsior Vlakteplaas ',519),(49099,'Fraai Uitzicht 1798 ',519),(49100,'Goedverwacht Estate ',519),(49101,'Graham Beck Wines',519),(49102,'Janéza ',519),(49103,'Jonkheer',519),(49104,'Kranskop ',519),(49105,'Langeberg Wineries ',519),(49106,'Langverwacht Wine Cellar ',519),(49107,'Le Grand Chasseur Estate',519),(49108,'Mcgregor Winery ',519),(49109,'Merwespont Cellar ',519),(49110,'Mon Don Estate ',519),(49111,'Mont Blois Estate ',519),(49112,'Mooiuitsig ',519),(49113,'Nordale',519),(49114,'Quando ',519),(49115,'Rietvallei Wine Estate',519),(49116,'Robertson Winery',519),(49117,'Roodezandt Winery',519),(49118,'Rooiberg Winery',519),(49119,'Sinnya Valley ',519),(49120,'Springfield Estate',519),(49121,'Van Loveren',519),(49122,'Van Zylshof Estate ',519),(49123,'Viljoensdrift',519),(49124,'Weltevrede Wine Estate',519),(49125,'Wolwedrift Wine Estate ',519),(49126,'Wonderfontein ',519),(49127,'Zandvliet\'s',519),(49128,'Bon Cap Private Organic Cellar ',520),(49129,'Adoro Wines',521),(49130,'African Sky Wines',521),(49131,'Alto Wines',521),(49132,'Amani Wines',521),(49133,'Annandale Wines ',521),(49134,'Asara',521),(49135,'Assegai ',521),(49136,'Audacia',521),(49137,'Baarsma South Africa Pty Ltd ',521),(49138,'Barefoot Wine',521),(49139,'Bellevue Estates',521),(49140,'Bergkelder Winery',521),(49141,'Beyerskloof Wines',521),(49142,'Bilton Wines ',521),(49143,'Blaauwklippen Estates',521),(49144,'Blue Creek Wines ',521),(49145,'Bonfoi Wine Estate ',521),(49146,'Boschkloof Wines ',521),(49147,'Bottelary',521),(49148,'Bouwland Estate ',521),(49149,'Bowe Joubert Vineyards and Winery ',521),(49150,'Bradgate Winery',521),(49151,'Camberley',521),(49152,'Cape Indaba Wines',521),(49153,'Carisbrooke ',521),(49154,'Chapmans Peak',521),(49155,'Climar',521),(49156,'Clos Malverne',521),(49157,'Clovelly Wines ',521),(49158,'Coppoolse and Finlayson ',521),(49159,'De Meye Wines ',521),(49160,'De Trafford Wines ',521),(49161,'Delaire Winery',521),(49162,'Delheim Cellar',521),(49163,'Devon Hill',521),(49164,'Devonair ',521),(49165,'Dewaal',521),(49166,'Distell Group Limited',521),(49167,'Domaines Paradyskloof ',521),(49168,'Eersterivier Winery',521),(49169,'Ernie Els Wines',521),(49170,'Flagstone Winery',521),(49171,'Fleur Du Cap',521),(49172,'Fort Simon Wine Estate',521),(49173,'Goede Hoop',521),(49174,'Graça ',521),(49175,'Graceland Vineyards',521),(49176,'Grunberger ',521),(49177,'Hartenberg Estate',521),(49178,'Hazendal Estate',521),(49179,'Helderkruin Wine Cellar ',521),(49180,'Hidden Valley Wines ',521),(49181,'Home Of Origin Wine',521),(49182,'Jacobsdal',521),(49183,'JC Le Roux',521),(49184,'Joostenberg',521),(49185,'Jordan Winery',521),(49186,'Kaapzicht',521),(49187,'Kanonkop Estate',521),(49188,'Kanu Wines',521),(49189,'Klawervlei Wine Estate',521),(49190,'Klein Dasbosch ',521),(49191,'Klein Gustrouw Estate ',521),(49192,'Kleindal ',521),(49193,'Kleine Zalze',521),(49194,'Knorhoek Wines',521),(49195,'Koos Smuts',521),(49196,'Kronendal Wines',521),(49197,'Kumala South African Wines',521),(49198,'L Emigre Wines ',521),(49199,'L\'Avenir wine',521),(49200,'Laibach Vineyards',521),(49201,'Lanzerac Wines',521),(49202,'Le Bonheur',521),(49203,'Le Riche Wines ',521),(49204,'Lievland Estate',521),(49205,'Long Mountain Wine Company',521),(49206,'Louiesenhof',521),(49207,'Louisvale Wines ',521),(49208,'Meinert Wines ',521),(49209,'Middelvlei',521),(49210,'Monterosso ',521),(49211,'Mooiplaas Estate ',521),(49212,'Morgenhof Wine',521),(49213,'Morgenzon',521),(49214,'Mulderbosch Vineyards',521),(49215,'Muratie Wine Estate',521),(49216,'Neethlingshof Estate',521),(49217,'Neil Ellis',521),(49218,'Overgaauw',521),(49219,'Raats Family Wines ',521),(49220,'Remhoogte Wine Estate ',521),(49221,'Reyneke Wines',521),(49222,'Rider\'s Drift Wines',521),(49223,'Rozendal Farm ',521),(49224,'Rudera Wines (pty) Ltd. ',521),(49225,'Rust en Vrede Estate',521),(49226,'Rustenberg Wines',521),(49227,'Savisa',521),(49228,'Saxenburg',521),(49229,'Simonsig',521),(49230,'Spier Cellars',521),(49231,'Starke Wines ',521),(49232,'Stellekaya ',521),(49233,'Stellenbosch Farmers Winery',521),(49234,'Stellenbosch Hills',521),(49235,'Stellenryck ',521),(49236,'Stellenzicht',521),(49237,'Sylvan Vale',521),(49238,'Thelema Mountain Vineyards',521),(49239,'Tokara ',521),(49240,'Uiterwyk Wine Estate',521),(49241,'Uitkyk Estate',521),(49242,'Uva Mira Vineyards ',521),(49243,'Verdun Estate',521),(49244,'Vinimark',521),(49245,'Vinum Africa',521),(49246,'Vlottenburg',521),(49247,'Vredenheim Wines',521),(49248,'Vriesenhof',521),(49249,'Warwick Wine Estate',521),(49250,'Waterford Estate',521),(49251,'Wel D Mer ',521),(49252,'Welmoed',521),(49253,'Zevenwacht Wine Estate',521),(49254,'Zonnebloem',521),(49255,'Akkerdal Estate ',522),(49256,'Arniston Bay',522),(49257,'Ashwood Wines',522),(49258,'Bellingham',522),(49259,'Blueberry Hill ',522),(49260,'Boekenhoutskloof ',522),(49261,'Boschendal',522),(49262,'Cabriere Estate',522),(49263,'Dieu Donne  ',522),(49264,'Eikehof ',522),(49265,'Elephant Pass Vineyards ',522),(49266,'Glenwood ',522),(49267,'Haute Provence ',522),(49268,'Jean Daneel Wines ',522),(49269,'L Ormarins Estate',522),(49270,'La Bourgogne ',522),(49271,'La Bri',522),(49272,'La Couronne Wine Estate',522),(49273,'La Motte',522),(49274,'La Petite Ferme ',522),(49275,'La Provence & Haute Provence ',522),(49276,'Landau Du Val Wines ',522),(49277,'Mont Rochelle Mountain Vineyards',522),(49278,'Môreson Soleil du Matin',522),(49279,'Mouton - Excelsior  ',522),(49280,'Old Bridge Wines',522),(49281,'Plasir de Merle Winery',522),(49282,'Rickety Bridge Winery',522),(49283,'Rupert & Rothschild Vignerons',522),(49284,'Stony Brook ',522),(49285,'Tenfiftysix ',522),(49286,'Von Ortloff Wines ',522),(49287,'Avontuur Estate',523),(49288,'Clos Du Ciel ',523),(49289,'Cordoba ',523),(49290,'De Helderberg Winery',523),(49291,'Dellrust Wines ',523),(49292,'Eikendal',523),(49293,'Grangehurst Winery ',523),(49294,'Ingwe Estate ',523),(49295,'Jp Bredell Wines ',523),(49296,'Ken Forrester Wines',523),(49297,'L Auberge Du Paysan ',523),(49298,'Longridge Winery ',523),(49299,'Lushof Wine Estate ',523),(49300,'Lyngrove',523),(49301,'Meerlust Estate ',523),(49302,'Morgenster Estate',523),(49303,'Mount Rozier',523),(49304,'Onderkloof Vines & Wines',523),(49305,'Oudekloof ',523),(49306,'Post House Wines ',523),(49307,'Somerbosch',523),(49308,'Stonewall ',523),(49309,'TOPAZ WINE ',523),(49310,'Vergelegen',523),(49311,'Vergenoegd Wine Estate ',523),(49312,'Yonder Hill ',523),(49313,'De Toren Private Cellar',524),(49314,'Slaley',525),(49315,'Allesverloren Estate',526),(49316,'Cloof Estate',526),(49317,'Darling Cellars ',526),(49318,'Groote Post Vineyards',526),(49319,'Kloovenburg Estate',526),(49320,'Lammershoek Winery',526),(49321,'Meerhof Wine Cellar',526),(49322,'Porterville Co-op',526),(49323,'Riebeek Cellars',526),(49324,'Sadie Family',526),(49325,'Swartland Wines',526),(49326,'The Observatory',526),(49327,'The Spice Route Winery',526),(49328,'Tukulu Wines',526),(49329,'Winkelshoek Wynkelders',526),(49330,'Bianco Fine Red Wines ',527),(49331,'Drostdy Hof Wines',527),(49332,'George Austin',527),(49333,'Kloofzicht Estate ',527),(49334,'Lemberg Wine Estate ',527),(49335,'Montpellier ',527),(49336,'Paddagang Winery ',527),(49337,'Rijk\'s Private Cellar',527),(49338,'Theuniskraal Wine Estate',527),(49339,'Tulbagh Mountain Vineyards',527),(49340,'Tulbagh Wine Cellars',527),(49341,'Twee Jonge Gezellen Estate ',527),(49342,'Two Oceans Wines',527),(49343,'Oude Wellington Wine and Brandy Est',528),(49344,'Aan de Doorns Co-op',529),(49345,'Badsberg Co-Op Winery ',529),(49346,'Bergsig wines',529),(49347,'Botha Wine Cellar ',529),(49348,'Brandvlei Wine Cellar ',529),(49349,'Breëvallei Wines ',529),(49350,'De Doorns Wine Cellar ',529),(49351,'De Wet Co-Op Wine Cellar ',529),(49352,'Deetlefs Estate',529),(49353,'Du Preez Estate ',529),(49354,'Du Toitskloof Wine Cellar  ',529),(49355,'Goudini Wines ',529),(49356,'Groot Eiland Winery ',529),(49357,'Lateganskop Wine Cellar ',529),(49358,'Louwshoek Voorsorg Winery ',529),(49359,'Merwida Wine Cellar ',529),(49360,'Nuy Winery',529),(49361,'Opstal Estate',529),(49362,'Overhex Vineyards',529),(49363,'Rockfields Wines ',529),(49364,'Romansrivier Winery ',529),(49365,'Stettyn Cellar ',529),(49366,'Stonecross ',529),(49367,'The House of Brandy ',529),(49368,'Villiersdorp Co-Op Wine Cellar ',529),(49369,'Waboomsrivier Co-Op ',529),(49370,'Winds of Change ',529),(49371,'Slanghoek Wines',530),(49372,'Augusta',531),(49373,'Burguny Bourgogne',531),(49374,'Chamonix',531),(49375,'Franschhoek',531),(49376,'Grande Provence',531),(49377,'L\'Ormarins Winery',531),(49378,'La Cotlog Inn',531),(49379,'La Terra de Luc',531),(49380,'Les Chenes',531),(49381,'Solms-Delta Wine Estate',531),(49382,'Stables Wine Estate',532),(49383,'Cowlin Wines',518),(49384,'D.G.B.',518),(49385,'Dawn Mountains Winery',518),(49386,'Goed Moed',518),(49387,'Klein Rhebokskloof',518),(49388,'Kleinbosch Wines',518),(49389,'Vrede en Lust',518),(49390,'Ziggurat Winery',518),(49391,'Anwilka',521),(49392,'Badenhorst',526),(49393,'Mullineux',526),(49394,'Kleinplasie Wine Cellar',529),(49395,'Noordboland',529),(49396,'5TH Avenue Cold Duck ',514),(49397,'African Pride Wines',514),(49398,'African Wines and Spirits  ',514),(49399,'Afrivin ',514),(49400,'Allee Bleue',514),(49401,'Andreas Wine',514),(49402,'Anthonij Rupert Wines',514),(49403,'Arrabella Wines',514),(49404,'Ataraxia Mountain Vineyards',514),(49405,'Autumn Harvest ',514),(49406,'Baobab Winery',514),(49407,'Bay Export ',514),(49408,'Bay View ',514),(49409,'Bein Merlot',514),(49410,'Bizoe Wines',514),(49411,'Black Pearl Wines',514),(49412,'Bosman Family Vineyards',514),(49413,'Boutinot Wine Estates',514),(49414,'Bundustar',514),(49415,'Burgershof ',514),(49416,'Capelands ',514),(49417,'Chateau Libertas ',514),(49418,'Cilmor Winery',514),(49419,'Constantia Glen',514),(49420,'Daschbosch ',514),(49421,'De Franchi Wines ',514),(49422,'De Hoopen ',514),(49423,'De Morgenzon',514),(49424,'Domaine Grier',514),(49425,'Dombeya Wines',514),(49426,'Dominion Wine Company',514),(49427,'Dornier Wines ',514),(49428,'Dragonnridge Winery',514),(49429,'Druk My Niet Wine Estate',514),(49430,'Dunstone Wines',514),(49431,'Edonia ',514),(49432,'Eilandia ',514),(49433,'Excelscious Wines ',514),(49434,'Gecko Ridge ',514),(49435,'Gilga Wines ',514),(49436,'Glenhurst Wine Farms (pty) Ltd ',514),(49437,'Glenview ',514),(49438,'Golden Kaan Limited',514);
/*!40000 ALTER TABLE `winery` ENABLE KEYS */;
UNLOCK TABLES;

--
-- Table structure for table `winery_regions`
--

DROP TABLE IF EXISTS `winery_regions`;
/*!40101 SET @saved_cs_client     = @@character_set_client */;
/*!50503 SET character_set_client = utf8mb4 */;
CREATE TABLE `winery_regions` (
  `region_id` int NOT NULL AUTO_INCREMENT,
  `region` varchar(100) NOT NULL,
  `country` varchar(100) NOT NULL,
  PRIMARY KEY (`region_id`),
  UNIQUE KEY `region_id_UNIQUE` (`region_id`),
  UNIQUE KEY `region_country_UNIQUE` (`region`,`country`)
) ENGINE=InnoDB AUTO_INCREMENT=638 DEFAULT CHARSET=utf8mb4 COLLATE=utf8mb4_0900_ai_ci COMMENT='for known wine regions';
/*!40101 SET character_set_client = @saved_cs_client */;

--
-- Dumping data for table `winery_regions`
--

LOCK TABLES `winery_regions` WRITE;
/*!40000 ALTER TABLE `winery_regions` DISABLE KEYS */;
INSERT INTO `winery_regions` VALUES (470,'Aconcagua','Chile'),(475,'Aconcagua Valley','Chile'),(473,'Aconchagua','Chile'),(395,'AK','United States'),(417,'AL','United States'),(504,'Alentejo','Portugal'),(422,'AR','United States'),(491,'Auckland','New Zealand'),(481,'Auckland - Waiheke Island','New Zealand'),(420,'AZ','United States'),(383,'Berat','Albania'),(505,'Breede River Valley Goudini','South Africa'),(447,'British Columbia','Canada'),(448,'British Columbia - Okanagan Valley','Canada'),(449,'British Columbia - Saturna','Canada'),(387,'CA','United States'),(477,'Cachapoal Valley','Chile'),(484,'Canterbury','New Zealand'),(493,'Canterbury - North canterbury','New Zealand'),(472,'Casablanca','Chile'),(487,'Central Otago','New Zealand'),(410,'CO','United States'),(467,'Colchagua Valley - Apalta','Chile'),(506,'Constantia','South Africa'),(507,'Constantia Cape Point','South Africa'),(415,'CT','United States'),(466,'Curico','Chile'),(428,'DE','United States'),(508,'Douglas','South Africa'),(503,'Douro','Portugal'),(502,'Duoro','Portugal'),(509,'Durbanville','South Africa'),(510,'Elgin Walker Bay','South Africa'),(423,'FL','United States'),(531,'Franschhoek','South Africa'),(416,'GA','United States'),(496,'Gimblett Gravels - Gimblett Road','New Zealand'),(490,'Gisborne','New Zealand'),(483,'Hawkes Bay','New Zealand'),(495,'Hawkes Bay - Te Awanga','New Zealand'),(426,'HI','United States'),(389,'IA','United States'),(407,'ID','United States'),(399,'IL','United States'),(402,'IN','United States'),(480,'Itata','Chile'),(471,'Itata Valley','Chile'),(511,'Klein Karoo','South Africa'),(425,'KS','United States'),(532,'Kwazulu Natal','South Africa'),(411,'KY','United States'),(400,'LA','United States'),(476,'Limari','Chile'),(479,'Limari Valley','Chile'),(418,'MA','United States'),(501,'Madeira','Portugal'),(465,'Maipo','Chile'),(478,'Maipo Valley','Chile'),(489,'Marlborough','New Zealand'),(492,'Marlborough - Blenheim','New Zealand'),(468,'Maule','Chile'),(463,'Maule Valley','Chile'),(413,'MD','United States'),(412,'ME','United States'),(403,'MI','United States'),(397,'MN','United States'),(390,'MO','United States'),(498,'Monção','Portugal'),(398,'MS','United States'),(424,'MT','United States'),(408,'NC','United States'),(430,'ND','United States'),(406,'NE','United States'),(482,'Nelson','New Zealand'),(450,'New Brunswick','Canada'),(451,'Newfoundland','Canada'),(429,'NH','United States'),(396,'NJ','United States'),(401,'NM','United States'),(494,'Northland','New Zealand'),(452,'Nova Scotia','Canada'),(431,'NV','United States'),(386,'NY','United States'),(414,'OH','United States'),(419,'OK','United States'),(512,'Olifants River','South Africa'),(513,'Olifants River Lutzville','South Africa'),(458,'ON Ontario','Canada'),(456,'ON Ontario - Niagara','Canada'),(454,'Ontario','Canada'),(453,'Ontario - Niagara','Canada'),(457,'Ontario - Niagara Peninsula','Canada'),(459,'Ontario - Pelee Island','Canada'),(455,'Ontario - Prince Edward County','Canada'),(500,'Oporto','Portugal'),(385,'OR','United States'),(514,'Orange River','South Africa'),(515,'Overberg','South Africa'),(391,'PA','United States'),(516,'Paarl','South Africa'),(517,'Paarl Franschhoek','South Africa'),(518,'Paarl Wellington','South Africa'),(460,'Quebec','Canada'),(469,'Rapel','Chile'),(464,'Rapel - Cachapoal','Chile'),(474,'Rapel - Colchagua','Chile'),(427,'RI','United States'),(519,'Robertson','South Africa'),(520,'Robertson Eilandia','South Africa'),(393,'SC','United States'),(432,'SD','United States'),(521,'Stellenbosch','South Africa'),(522,'Stellenbosch Franschhoek','South Africa'),(523,'Stellenbosch Helderberg','South Africa'),(524,'Stellenbosch Polkadraai Hills','South Africa'),(525,'Stellenbosch Simonsberg','South Africa'),(526,'Swartland','South Africa'),(435,'Tasmania','Australia'),(439,'Tasmania - Coal River Valley','Australia'),(437,'Tasmania - Cradle Coast','Australia'),(436,'Tasmania - Northern Tasmania','Australia'),(434,'Tasmania - Southern Tasmania','Australia'),(438,'Tasmania - Tamar Valley','Australia'),(404,'TN','United States'),(527,'Tulbagh','South Africa'),(394,'TX','United States'),(421,'UT','United States'),(388,'VA','United States'),(499,'Vinho Verde - Ave','Portugal'),(405,'VT','United States'),(384,'WA','United States'),(528,'Wellington','South Africa'),(486,'Wellington - Martinborough','New Zealand'),(485,'Wellington - Wairarapa','New Zealand'),(446,'Western Australia - Geographe','Australia'),(445,'Western Australia - Great Southern','Australia'),(444,'Western Australia - Margaret River','Australia'),(443,'Western Australia - Peel','Australia'),(442,'Western Australia - Pemberton','Australia'),(441,'Western Australia - Perth Hills','Australia'),(440,'Western Australia - Swan District','Australia'),(392,'WI','United States'),(529,'Worcester','South Africa'),(530,'Worcester Breedevalley','South Africa'),(409,'WV','United States'),(433,'WY','United States');
/*!40000 ALTER TABLE `winery_regions` ENABLE KEYS */;
UNLOCK TABLES;

--
-- Table structure for table `wines`
--

DROP TABLE IF EXISTS `wines`;
/*!40101 SET @saved_cs_client     = @@character_set_client */;
/*!50503 SET character_set_client = utf8mb4 */;
CREATE TABLE `wines` (
  `wine_id` int NOT NULL AUTO_INCREMENT,
  `winery_id` int NOT NULL,
  `name` varchar(60) NOT NULL,
  `year` varchar(10) NOT NULL,
  `colour` varchar(45) DEFAULT NULL,
  `size` varchar(45) DEFAULT NULL,
  PRIMARY KEY (`wine_id`),
  KEY `wines_fx1_idx` (`winery_id`),
  CONSTRAINT `wines_fx1` FOREIGN KEY (`winery_id`) REFERENCES `winery` (`winery_id`)
) ENGINE=InnoDB AUTO_INCREMENT=24 DEFAULT CHARSET=utf8mb4 COLLATE=utf8mb4_0900_ai_ci COMMENT='holds information about a bottle of wine';
/*!40101 SET character_set_client = @saved_cs_client */;

--
-- Dumping data for table `wines`
--

LOCK TABLES `wines` WRITE;
/*!40000 ALTER TABLE `wines` DISABLE KEYS */;
INSERT INTO `wines` VALUES (4,48508,'Savignon Blanc','2002','white',NULL),(5,47241,'tree wine','2001',NULL,NULL),(6,47262,'Chardonnay','2001','white',NULL),(7,48468,'Savignon Blanc','2021','White',NULL),(8,48485,'Savignon Blanc','2021','white',NULL),(9,48469,'Malbec','2001','Red',NULL),(10,48426,'Malbec','2021','red',NULL),(11,48756,'eioe','124','white',NULL),(12,48217,'Reisling','2021','White',NULL),(13,48685,'merlot','2021','Red',NULL),(14,47262,'Shiraz','2021','Red',NULL),(15,48508,'Savignon Blanc','2001','White',NULL),(16,48312,'Malbec','2011','Red',NULL),(17,48514,'Merlot','2023','Red',NULL),(18,48735,'Savignon blanc','2021','White',NULL),(19,48520,'merlot','2023','red',NULL),(20,48524,'Sauvignon Blanc','2003','white',NULL),(21,48520,'Chardonnay','2003','White',NULL),(22,47262,'Shiraz','2003','Red',NULL),(23,10,'Merlot','2021','Red',NULL);
/*!40000 ALTER TABLE `wines` ENABLE KEYS */;
UNLOCK TABLES;
/*!40103 SET TIME_ZONE=@OLD_TIME_ZONE */;

/*!40101 SET SQL_MODE=@OLD_SQL_MODE */;
/*!40014 SET FOREIGN_KEY_CHECKS=@OLD_FOREIGN_KEY_CHECKS */;
/*!40014 SET UNIQUE_CHECKS=@OLD_UNIQUE_CHECKS */;
/*!40101 SET CHARACTER_SET_CLIENT=@OLD_CHARACTER_SET_CLIENT */;
/*!40101 SET CHARACTER_SET_RESULTS=@OLD_CHARACTER_SET_RESULTS */;
/*!40101 SET COLLATION_CONNECTION=@OLD_COLLATION_CONNECTION */;
/*!40111 SET SQL_NOTES=@OLD_SQL_NOTES */;

-- Dump completed on 2024-04-25 17:57:34
